[
{
    "model": "products.category",
    "pk": 1,
    "fields": {
        "category": "dresses"
    }
},
{
    "model": "products.category",
    "pk": 2,
    "fields": {
        "category": "tops"
    }
},
{
    "model": "products.category",
    "pk": 3,
    "fields": {
        "category": "trousers"
    }
},
{
    "model": "products.category",
    "pk": 4,
    "fields": {
        "category": "shoes"
    }
},
{
    "model": "products.category",
    "pk": 5,
    "fields": {
        "category": "coats"
    }
},
{
    "model": "products.size",
    "pk": 3,
    "fields": {
        "size": "UK 8"
    }
},
{
    "model": "products.size",
    "pk": 4,
    "fields": {
        "size": "UK 6"
    }
},
{
    "model": "products.size",
    "pk": 5,
    "fields": {
        "size": "UK 10"
    }
},
{
    "model": "products.size",
    "pk": 6,
    "fields": {
        "size": "UK 12"
    }
},
{
    "model": "products.size",
    "pk": 7,
    "fields": {
        "size": "UK 14"
    }
},
{
    "model": "products.size",
    "pk": 8,
    "fields": {
        "size": "UK 16"
    }
},
{
    "model": "products.size",
    "pk": 9,
    "fields": {
        "size": "UK 4"
    }
},
{
    "model": "products.size",
    "pk": 10,
    "fields": {
        "size": "UK 18"
    }
},
{
    "model": "products.size",
    "pk": 11,
    "fields": {
        "size": "UK 3"
    }
},
{
    "model": "products.size",
    "pk": 13,
    "fields": {
        "size": "UK 5"
    }
},
{
    "model": "products.size",
    "pk": 14,
    "fields": {
        "size": "UK 7"
    }
},
{
    "model": "products.color",
    "pk": 1,
    "fields": {
        "color": "black"
    }
},
{
    "model": "products.color",
    "pk": 2,
    "fields": {
        "color": "blue"
    }
},
{
    "model": "products.color",
    "pk": 3,
    "fields": {
        "color": "cream"
    }
},
{
    "model": "products.color",
    "pk": 4,
    "fields": {
        "color": "pink"
    }
},
{
    "model": "products.color",
    "pk": 5,
    "fields": {
        "color": "red"
    }
},
{
    "model": "products.color",
    "pk": 6,
    "fields": {
        "color": "white"
    }
},
{
    "model": "products.color",
    "pk": 7,
    "fields": {
        "color": "grey"
    }
},
{
    "model": "products.color",
    "pk": 8,
    "fields": {
        "color": "orange"
    }
},
{
    "model": "products.product",
    "pk": 1,
    "fields": {
        "category": 1,
        "name": "Kikiriki Tiered Ruffle Dress",
        "description": "<p><strong>Details</strong></p>\r\n<p>A woven mini dress by Kikiriki&trade; featuring an elasticized off-the-shoulder flounce neckline, tiered ruffle long sleeves, and a sheath silhouette.</p>\r\n<p>&nbsp;</p>\r\n<p><strong>Content + Care</strong></p>\r\n<p>- 90% polyester, 10% elastane</p>\r\n<p>- Hand wash cold</p>\r\n<p>- Made in Turkey</p>\r\n<p>&nbsp;</p>\r\n<p><strong>Size + Fit</strong></p>\r\n<p>- Model is 5'9\" and wearing a Small</p>\r\n<p>- Full length: 29.5\"</p>\r\n<p>- Chest: 31\"</p>\r\n<p>- Waist: 25.5\"</p>\r\n<p>- Sleeve length: 26\"</p>",
        "price": "44.00",
        "created": "2017-11-18T22:25:05Z",
        "size": [
            5,
            6,
            7,
            8,
            10,
            9,
            4,
            3
        ],
        "color": [
            1
        ]
    }
},
{
    "model": "products.product",
    "pk": 2,
    "fields": {
        "category": 2,
        "name": "Velvet Twist-Front Crop Top",
        "description": "<p><strong>Details</strong></p>\r\n<p>Style Deals - A velvet knit crop top featuring a twist front accent, round neckline, front seam construction, and short sleeves.</p>\r\n<p>&nbsp;</p>\r\n<p><strong>Content + Care</strong></p>\r\n<p>- 61% polyester, 31% nylon, 8% spandex</p>\r\n<p>- Hand wash cold</p>\r\n<p>- Made in Vietnam</p>\r\n<p>&nbsp;</p>\r\n<p><strong>Size + Fit</strong></p>\r\n<p>- Model is 5'7\" and wearing a Small</p>\r\n<p>- Full length: 15.5\"</p>\r\n<p>- Chest: 28\"</p>\r\n<p>- Waist: 23\"</p>\r\n<p>- Sleeve length: 6.5\"</p>",
        "price": "10.00",
        "created": "2017-11-20T20:33:09Z",
        "size": [
            5,
            6,
            7,
            8,
            10,
            9,
            4,
            3
        ],
        "color": [
            3
        ]
    }
},
{
    "model": "products.product",
    "pk": 3,
    "fields": {
        "category": 3,
        "name": "Publik Polka Dot Cropped Flare Trousers",
        "description": "<p><strong>Details</strong></p>\r\n<p>A pair of knit polka dot cropped pants by Publik&trade; featuring an elasticized waist and a tiered flared hem.</p>\r\n<p>&nbsp;</p>\r\n<p><strong>Content + Care</strong></p>\r\n<p>- 96% polyester, 4% spandex</p>\r\n<p>- Hand wash cold</p>\r\n<p>- Made in China</p>\r\n<p>&nbsp;</p>\r\n<p><strong>Size + Fit</strong></p>\r\n<p>- Model is 5'9\" and wearing a Small</p>\r\n<p>- Inseam: 24\"</p>\r\n<p>- Waist: 21\"</p>\r\n<p>- Rise: 10\"</p>",
        "price": "25.00",
        "created": "2017-11-22T21:41:59Z",
        "size": [
            5,
            6,
            7,
            8,
            10,
            9,
            4,
            3
        ],
        "color": [
            1
        ]
    }
},
{
    "model": "products.product",
    "pk": 4,
    "fields": {
        "category": 2,
        "name": "Modern Metallic Top",
        "description": "<p><strong>Details</strong></p>\r\n<p>Forever 21 Modern - A metallic ribbed knit top featuring a mock neckline, lettuce edge trim, short sleeves, and a form-fitting silhouette.</p>\r\n<p>&nbsp;</p>\r\n<p><strong>Content + Care</strong></p>\r\n<p>- 51% nylon, 34% metallic yarn, 15% polyester</p>\r\n<p>- Hand wash cold</p>\r\n<p>- Made in China</p>\r\n<p>&nbsp;</p>\r\n<p><strong>Size + Fit</strong></p>\r\n<p>- Model is 5'10\" and wearing a Small</p>\r\n<p>- Full length: 18.5\"</p>\r\n<p>- Chest: 29\"</p>\r\n<p>- Waist: 28\"</p>\r\n<p>- Sleeve length: 8.5\"</p>",
        "price": "12.00",
        "created": "2017-11-22T21:48:53Z",
        "size": [
            5,
            6,
            7,
            8,
            10,
            9,
            4,
            3
        ],
        "color": [
            5
        ]
    }
},
{
    "model": "products.product",
    "pk": 5,
    "fields": {
        "category": 5,
        "name": "Faux Fur Coat",
        "description": "<p><strong>Details</strong></p>\r\n<p>A medium-weight faux fur coat featuring an oversized collar, notched lapels, front hook-eye closures, long sleeves, and on-seam pockets.</p>\r\n<p>&nbsp;</p>\r\n<p><strong>Content + Care</strong></p>\r\n<p>- Shell &amp; Lining: 100% polyester</p>\r\n<p>- Dry clean</p>\r\n<p>- Made in China</p>\r\n<p>&nbsp;</p>\r\n<p><strong>Size + Fit</strong></p>\r\n<p>- Model is 5'11\" and wearing a Small</p>\r\n<p>- Full length: 34\"</p>\r\n<p>- Chest: 40\"</p>\r\n<p>- Waist: 40\"</p>\r\n<p>- Sleeve length: 25\"</p>",
        "price": "42.00",
        "created": "2017-11-22T21:59:55Z",
        "size": [
            5,
            6,
            7,
            8,
            10,
            9,
            4,
            3
        ],
        "color": [
            4
        ]
    }
},
{
    "model": "products.product",
    "pk": 6,
    "fields": {
        "category": 1,
        "name": "Velvet Off-The-Shoulder Dress",
        "description": "<p><strong>Details</strong></p>\r\n<p>A smooth velvet midi dress featuring an elasticized off-the-shoulder neckline, interior boning, short sleeves, a front slit, and an exposed zipper at the back.</p>\r\n<p>&nbsp;</p>\r\n<p><strong>Content + Care</strong></p>\r\n<p>- 100% polyester</p>\r\n<p>- Hand wash cold</p>\r\n<p>- Made in China</p>\r\n<p>&nbsp;</p>\r\n<p><strong>Size + Fit</strong></p>\r\n<p>- Model is 5'10\" and wearing a Small</p>\r\n<p>- Full length: 36\"</p>\r\n<p>- Chest: 28\"</p>\r\n<p>- Waist: 22\"</p>\r\n<p>- Sleeve length: 3.5\"</p>",
        "price": "44.00",
        "created": "2017-11-22T22:04:36Z",
        "size": [
            5,
            6,
            7,
            8,
            10,
            9,
            4,
            3
        ],
        "color": [
            8
        ]
    }
},
{
    "model": "products.product",
    "pk": 7,
    "fields": {
        "category": 4,
        "name": "Patent Faux Leather Heels",
        "description": "<p><strong>Details</strong></p>\r\n<p>A pair of patent faux leather heels featuring a skinny rolled upper strap, an open-toe, a buckled ankle-strap design, and stiletto heel.</p>\r\n<p>&nbsp;</p>\r\n<p><strong>Content + Care</strong></p>\r\n<p>- Upper, Lining 2 &amp; Insole: 100% polyurethane</p>\r\n<p>- Lining 1: 90% polyester, 5% cotton, 5% rayon</p>\r\n<p>- Outsole: 100% rubber</p>\r\n<p>- Made in China</p>\r\n<p>&nbsp;</p>\r\n<p><strong>Size + Fit</strong></p>\r\n<p>- Heel height: 4.5\"</p>\r\n<p>- Shaft height: 3.5\"</p>\r\n<p>- Platform: 0.5\"</p>",
        "price": "23.00",
        "created": "2017-11-22T22:10:29Z",
        "size": [
            11,
            9,
            13,
            4,
            14,
            3
        ],
        "color": [
            1
        ]
    }
},
{
    "model": "products.product",
    "pk": 8,
    "fields": {
        "category": 2,
        "name": "Semi-Sheer Floral Print Top",
        "description": "<p><strong>Details</strong></p>\r\n<p>Style Deals - A semi-sheer woven top featuring an allover floral print, a round neckline, short dolman sleeves with rolled cuffs, and a boxy silhouette.</p>\r\n<p>&nbsp;</p>\r\n<p><strong>Content + Care</strong></p>\r\n<p>- 100% polyester</p>\r\n<p>- Machine wash cold</p>\r\n<p>- Made in Vietnam</p>\r\n<p>&nbsp;</p>\r\n<p><strong>Size + Fit</strong></p>\r\n<p>- Model is 5'10\" and wearing a Small</p>\r\n<p>- Full length: 23.25\"</p>\r\n<p>- Waist: 40\"</p>\r\n<p>- Chest: 42\"</p>\r\n<p>- Sleeve length: 8.5\"</p>",
        "price": "10.00",
        "created": "2017-11-22T22:13:56Z",
        "size": [
            5,
            6,
            7,
            8,
            10,
            9,
            4,
            3
        ],
        "color": [
            2
        ]
    }
},
{
    "model": "products.product",
    "pk": 9,
    "fields": {
        "category": 3,
        "name": "Draped Flounce Trousers",
        "description": "<p><strong>Details</strong></p>\r\n<p>A pair of woven pants featuring a draped flounce down the sides and a side zipper.</p>\r\n<p>&nbsp;</p>\r\n<p><strong>Content + Care</strong></p>\r\n<p>- 100% polyester</p>\r\n<p>- Hand wash cold</p>\r\n<p>- Made in China</p>\r\n<p>&nbsp;</p>\r\n<p><strong>Size + Fit</strong></p>\r\n<p>- Model is 5'9\" and wearing a Small</p>\r\n<p>- Inseam: 31\"</p>\r\n<p>- Waist: 26\"</p>\r\n<p>- Rise: 9.5\"</p>",
        "price": "39.00",
        "created": "2017-11-22T22:17:33Z",
        "size": [
            5,
            6,
            7,
            8,
            10,
            9,
            4,
            3
        ],
        "color": [
            1
        ]
    }
},
{
    "model": "products.product",
    "pk": 10,
    "fields": {
        "category": 5,
        "name": "Longline Faux-Fur Coat",
        "description": "<p><strong>Details</strong></p>\r\n<p>A heavyweight faux-fur coat featuring an open front, notched lapels, long bell sleeves, on-seam pockets, and a longline silhouette.</p>\r\n<p>&nbsp;</p>\r\n<p><strong>Content + Care</strong></p>\r\n<p>- 100% polyester</p>\r\n<p>- Hand wash cold</p>\r\n<p>- Made in China</p>\r\n<p>&nbsp;</p>\r\n<p><strong>Size + Fit</strong></p>\r\n<p>- Model is 5'8.5\" and wearing a Small</p>\r\n<p>- Full length: 34\"</p>\r\n<p>- Chest: 35\"</p>\r\n<p>- Waist: 38\"</p>\r\n<p>- Sleeve length: 20\"</p>",
        "price": "75.00",
        "created": "2017-11-22T22:20:39Z",
        "size": [
            5,
            6,
            7,
            8,
            10,
            9,
            4,
            3
        ],
        "color": [
            3
        ]
    }
},
{
    "model": "products.product",
    "pk": 11,
    "fields": {
        "category": 1,
        "name": "Open-Shoulder Mini Dress",
        "description": "<p><strong>Details</strong></p>\r\n<p>A textured knit mini dress featuring an open-shoulder design, surplice neckline, flared short sleeves, and a bodycon silhouette.</p>\r\n<p>&nbsp;</p>\r\n<p><strong>Content + Care</strong></p>\r\n<p>- Shell: 96% polyester, 4% spandex</p>\r\n<p>- Lining: 100% polyester</p>\r\n<p>- Hand wash cold</p>\r\n<p>- Made in USA with imported materials</p>\r\n<p>&nbsp;</p>\r\n<p><strong>Size + Fit</strong></p>\r\n<p>- Model is 5'8\" and wearing a Small</p>\r\n<p>- Full length: 32\"</p>\r\n<p>- Chest: 30\"</p>\r\n<p>- Waist: 25\"</p>",
        "price": "26.00",
        "created": "2017-11-22T22:25:00Z",
        "size": [
            5,
            6,
            7,
            8,
            10,
            9,
            4,
            3
        ],
        "color": [
            6
        ]
    }
},
{
    "model": "products.product",
    "pk": 12,
    "fields": {
        "category": 4,
        "name": "Acid Wash Denim Ankle Boots",
        "description": "<p><strong>Details</strong>&nbsp;</p>\r\n<p>A pair of denim ankle boots featuring an allover acid wash, a back zipper closure, almond-shaped toe, and a chunky round heel.&nbsp;</p>\r\n<p>&nbsp;</p>\r\n<p><strong>Content + Care</strong>&nbsp;</p>\r\n<p>- Upper: 87% cotton, 13% rayon</p>\r\n<p>- Lining 1 &amp; Insole: 100% polyurethane</p>\r\n<p>- Lining 2: 100% polyester</p>\r\n<p>- Lining 3: 100% cotton</p>\r\n<p>- Outsole 1: 56% rayon, 44% cotton</p>\r\n<p>- Outsole 2: 100% TPR</p>\r\n<p>- Made in China</p>\r\n<p>&nbsp;</p>\r\n<p><strong>Size + Fit</strong></p>\r\n<p>- Heel height: 3.5\" - Shaft height: 5.5\"</p>\r\n<p>- Platform: 1\"</p>",
        "price": "29.00",
        "created": "2017-11-22T22:27:25Z",
        "size": [
            11,
            9,
            13,
            4,
            14,
            3
        ],
        "color": [
            2
        ]
    }
},
{
    "model": "products.product",
    "pk": 13,
    "fields": {
        "category": 2,
        "name": "Tiered Ruffle-Sleeve Top",
        "description": "<p><strong>Details</strong></p>\r\n<p>A semi-sheer knit top featuring dropped shoulders, 3/4 tiered ruffle sleeves, and a round neck. (Layering garments not included.)</p>\r\n<p>- This is an independent brand and not a Forever 21 branded item.</p>\r\n<p>&nbsp;</p>\r\n<p><strong>Content + Care</strong></p>\r\n<p>- 94% polyester, 6% spandex</p>\r\n<p>- Hand wash cold</p>\r\n<p>- Made in Guatemala</p>\r\n<p>&nbsp;</p>\r\n<p><strong>Size + Fit</strong></p>\r\n<p>- Model is 5'8\" and wearing a Small</p>\r\n<p>- Full length: 22.5\"</p>\r\n<p>- Chest: 42\"</p>\r\n<p>- Waist: 36\"</p>\r\n<p>- Sleeve length: 14\"</p>",
        "price": "15.00",
        "created": "2017-12-05T22:53:27Z",
        "size": [
            5,
            6,
            7,
            8,
            10,
            9,
            4,
            3
        ],
        "color": [
            6
        ]
    }
},
{
    "model": "products.product",
    "pk": 14,
    "fields": {
        "category": 1,
        "name": "Flounce Marled Bodycon Dress",
        "description": "<p><strong>Details</strong></p>\r\n<p>A marled knit bodycon dress featuring a round neckline, flounce front and back yoke design, long sleeves, and a mini length.</p>\r\n<p>&nbsp;</p>\r\n<p><strong>Content + Care</strong></p>\r\n<p>- 95% polyester, 5% spandex</p>\r\n<p>- Hand wash cold</p>\r\n<p>- Made in USA</p>\r\n<p>&nbsp;</p>\r\n<p><strong>Size + Fit</strong></p>\r\n<p>- Model is 5'8\" and wearing a Small</p>\r\n<p>- Full length: 32\"</p>\r\n<p>- Chest: 26\"</p>\r\n<p>- Waist: 24\"</p>\r\n<p>- Sleeve length: 22\"</p>",
        "price": "35.00",
        "created": "2017-12-07T23:10:21Z",
        "size": [
            5,
            6,
            7,
            8,
            10,
            9,
            4,
            3
        ],
        "color": [
            7
        ]
    }
},
{
    "model": "products.product",
    "pk": 15,
    "fields": {
        "category": 3,
        "name": "Faux Leather-Coated Trousers",
        "description": "<p><strong>Details</strong></p>\r\n<p>A pair of faux leather-coated pants featuring a zip fly, five-pocket construction, a high-rise waist, and skinny leg.</p>\r\n<p>&nbsp;</p>\r\n<p><strong>Content + Care</strong></p>\r\n<p>- Shell Backing: 95% polyester, 5% spandex</p>\r\n<p>- Coating: 100% polyurethane</p>\r\n<p>- Hand wash cold</p>\r\n<p>- Made in Philippines</p>\r\n<p>&nbsp;</p>\r\n<p><strong>Size + Fit</strong></p>\r\n<p>- Model is 5'8\" and wearing a Small</p>\r\n<p>- Inseam: 26\"</p>\r\n<p>- Waist: 26\"</p>\r\n<p>- Rise: 11\"</p>",
        "price": "16.00",
        "created": "2017-12-07T23:14:10Z",
        "size": [
            5,
            6,
            7,
            8,
            10,
            9,
            4,
            3
        ],
        "color": [
            1
        ]
    }
},
{
    "model": "products.product",
    "pk": 16,
    "fields": {
        "category": 2,
        "name": "Velvet Burnout Crop Top",
        "description": "<p><strong>Details</strong></p>\r\n<p>A velvet knit crop top featuring an allover floral print with a burnout design, an elasticized off-the-shoulder neckline, a flounce layer, long trumpet-cuff sleeves, and an elasticized hem.</p>\r\n<p>&nbsp;</p>\r\n<p><strong>Content + Care</strong></p>\r\n<p>- 48% polyester, 43% nylon, 9% spandex</p>\r\n<p>- Hand wash cold</p>\r\n<p>- Made in China</p>\r\n<p>&nbsp;</p>\r\n<p><strong>Size + Fit</strong></p>\r\n<p>- Model is 5'11\" and wearing a Small</p>\r\n<p>- Full length: 15.75\"</p>\r\n<p>- Chest: 37\"</p>\r\n<p>- Waist: 28\"</p>\r\n<p>- Sleeve length: 23\"</p>",
        "price": "18.00",
        "created": "2017-12-07T23:17:49Z",
        "size": [
            5,
            6,
            7,
            8,
            10,
            9,
            4,
            3
        ],
        "color": [
            5
        ]
    }
},
{
    "model": "products.product",
    "pk": 17,
    "fields": {
        "category": 4,
        "name": "Satin Ankle-Strap Stilettos",
        "description": "<p><strong>Details</strong></p>\r\n<p>A pair of satin heels featuring an ankle strap with a buckle closure, open toe, and stiletto heels.</p>\r\n<p>&nbsp;</p>\r\n<p><strong>Content + Care</strong></p>\r\n<p>- Padded insole, textured outsole</p>\r\n<p>- Upper &amp; Insole: 70% rayon, 15% cotton, 8% nylon, 7% polyester</p>\r\n<p>- Lining: 100% polyurethane</p>\r\n<p>- Outsole: 100% polyurethane</p>\r\n<p>- Made in China</p>\r\n<p>&nbsp;</p>\r\n<p><strong>Size + Fit</strong></p>\r\n<p>- Heel height: 4.5\"</p>\r\n<p>- Shaft height: 4\"</p>\r\n<p>- Platform: 0.25\"</p>",
        "price": "20.00",
        "created": "2017-12-07T23:21:33Z",
        "size": [
            11,
            9,
            13,
            4,
            14,
            3
        ],
        "color": [
            3
        ]
    }
},
{
    "model": "products.product",
    "pk": 18,
    "fields": {
        "category": 1,
        "name": "Contemporary Foldover Dress",
        "description": "<p><strong>Details</strong></p>\r\n<p>Forever 21 Contemporary - A soft ribbed knit dress featuring an off-the-shoulder neckline, a foldover collar, long sleeves, and a bodycon silhouette.</p>\r\n<p>&nbsp;</p>\r\n<p><strong>Content + Care</strong></p>\r\n<p>- 93% rayon, 7% spandex</p>\r\n<p>- Hand wash cold</p>\r\n<p>- Made in Philippines</p>\r\n<p>&nbsp;</p>\r\n<p><strong>Size + Fit</strong></p>\r\n<p>- Model is 5'7\" and wearing a Small</p>\r\n<p>- Full length: 37\"</p>\r\n<p>- Chest: 28\"</p>\r\n<p>- Waist: 26\"</p>\r\n<p>- Sleeve length: 22\"</p>",
        "price": "10.00",
        "created": "2017-12-07T23:52:05Z",
        "size": [
            5,
            6,
            7,
            8,
            10,
            9,
            4,
            3
        ],
        "color": [
            4
        ]
    }
},
{
    "model": "products.product",
    "pk": 19,
    "fields": {
        "category": 5,
        "name": "Chevron-Pattern Faux Fur Coat",
        "description": "<p><strong>Details</strong></p>\r\n<p>A woven coat featuring faux fur in a chevron pattern, mock neckline, hook front closure, long sleeves, a satin lining, and a boxy silhouette.</p>\r\n<p>&nbsp;</p>\r\n<p><strong>Content + Care</strong></p>\r\n<p>- Shell: 74% acrylic, 26% polyester</p>\r\n<p>- Lining: 100% polyester</p>\r\n<p>- Dry clean</p>\r\n<p>- Made in China</p>\r\n<p>&nbsp;</p>\r\n<p><strong>Size + Fit</strong></p>\r\n<p>- Model is 5'8\" and wearing a Small</p>\r\n<p>- Full length: 25\"</p>\r\n<p>- Chest: 39\"</p>\r\n<p>- Waist: 39\"</p>\r\n<p>- Sleeve length: 23.5\"</p>",
        "price": "55.00",
        "created": "2017-12-07T23:55:19Z",
        "size": [
            5,
            6,
            7,
            8,
            10,
            9,
            4,
            3
        ],
        "color": [
            6
        ]
    }
},
{
    "model": "products.product",
    "pk": 20,
    "fields": {
        "category": 3,
        "name": "Sequin Halter Top & Trousers Set",
        "description": "<p><strong>Details</strong></p>\r\n<p>A woven two-piece set featuring an ornate sequined wraparound halter top with a back zipper, and a pair of woven palazzo pants outfitted with a high-waist, box pleat detailing, front slant pockets, and a back zipper closure.</p>\r\n<p>&nbsp;</p>\r\n<p><strong>Content + Care</strong></p>\r\n<p>- Two pieces total</p>\r\n<p>- Top: 55% rubber, 35% polyester, 10% polyteraphtalate</p>\r\n<p>- Pants: 97% polyester, 3% spandex</p>\r\n<p>- Hand wash cold</p>\r\n<p>- Made in China</p>\r\n<p>&nbsp;</p>\r\n<p><strong>Size + Fit</strong></p>\r\n<p>- Model is 5'7\" and wearing a Small</p>\r\n<p>- Top: Full length: 16\", Chest: 32\", Waist: 25\"</p>\r\n<p>- Bottoms: Inseam: 32\", Rise: 12\", Waist: 26\"</p>",
        "price": "72.00",
        "created": "2017-12-08T00:05:30Z",
        "size": [
            5,
            6,
            7,
            8,
            10,
            9,
            4,
            3
        ],
        "color": [
            6
        ]
    }
},
{
    "model": "products.product",
    "pk": 21,
    "fields": {
        "category": 2,
        "name": "Tiered Flounce-Sleeve Mesh Top",
        "description": "<p><strong>Details</strong></p>\r\n<p>A sheer mesh knit top featuring long sleeves with tiered flounce detailing, a mock neck, a back buttoned keyhole closure, and raw-cut trim.</p>\r\n<p>- Layering garments not included.</p>\r\n<p>&nbsp;</p>\r\n<p><strong>Content + Care</strong></p>\r\n<p>- 95% nylon, 5% spandex</p>\r\n<p>- Hand wash cold</p>\r\n<p>- Made in Vietnam</p>\r\n<p>&nbsp;</p>\r\n<p><strong>Size + Fit</strong></p>\r\n<p>- Model is 5'10\" and wearing a Small</p>\r\n<p>- Full length: 21.75\"</p>\r\n<p>- Chest: 25\"</p>",
        "price": "15.00",
        "created": "2017-12-08T00:11:28Z",
        "size": [
            5,
            6,
            7,
            8,
            10,
            9,
            4,
            3
        ],
        "color": [
            3
        ]
    }
},
{
    "model": "products.product",
    "pk": 22,
    "fields": {
        "category": 1,
        "name": "Floral Chiffon Maxi Dress",
        "description": "<p><strong>Details</strong></p>\r\n<p>Crafted in chiffon, this maxi dress features an allover floral print, surplice neckline, long sleeves with button cuffs, side slit, and an elasticized waist with a sash belt.</p>\r\n<p>&nbsp;</p>\r\n<p><strong>Content + Care</strong></p>\r\n<p>- 100% polyester</p>\r\n<p>- Dry clean</p>\r\n<p>- Made in USA</p>\r\n<p>&nbsp;</p>\r\n<p><strong>Size + Fit</strong></p>\r\n<p>- Model is 5'7\" and wearing a Small</p>\r\n<p>- Full length: 58\"</p>\r\n<p>- Chest: 34\"</p>\r\n<p>- Waist: 24\"</p>\r\n<p>- Sleeve length: 25\"</p>\r\n<p>- Slit length: 25\"</p>",
        "price": "41.00",
        "created": "2017-12-08T00:14:28Z",
        "size": [
            5,
            6,
            7,
            8,
            10,
            9,
            4,
            3
        ],
        "color": [
            6
        ]
    }
},
{
    "model": "products.product",
    "pk": 23,
    "fields": {
        "category": 3,
        "name": "High-Waist Buttoned Culottes",
        "description": "<p><strong>Details</strong></p>\r\n<p>A pair of woven culottes featuring a front overlay with a triple-button closure, a high-waist fit, pleated waist accents, back welt pockets, and a concealed side zipper.</p>\r\n<p>&nbsp;</p>\r\n<p><strong>Content + Care</strong></p>\r\n<p>- 100% polyester</p>\r\n<p>- Hand wash cold</p>\r\n<p>- Made in China</p>\r\n<p>&nbsp;</p>\r\n<p><strong>Size + Fit</strong></p>\r\n<p>- Model is 5'8\" and wearing a Small</p>\r\n<p>- Inseam: 21\"</p>\r\n<p>- Waist: 28\"</p>\r\n<p>- Rise: 11.5\"</p>",
        "price": "32.00",
        "created": "2017-12-08T00:17:46Z",
        "size": [
            5,
            6,
            7,
            8,
            10,
            9,
            4,
            3
        ],
        "color": [
            1
        ]
    }
},
{
    "model": "products.product",
    "pk": 24,
    "fields": {
        "category": 4,
        "name": "Faux Suede Embroidered Boots",
        "description": "<p><strong>Details</strong></p>\r\n<p>A pair of faux suede boots featuring embroidered floral detailing, a side zip closure, and a chunky heel.</p>\r\n<p>&nbsp;</p>\r\n<p><strong>Content + Care</strong></p>\r\n<p>- Upper &amp; Lining: 100% polyester</p>\r\n<p>- Insole: 100% polyurethane</p>\r\n<p>- Outsole: 100% rubber</p>\r\n<p>- Made in China</p>\r\n<p>&nbsp;</p>\r\n<p><strong>Size + Fit</strong></p>\r\n<p>- Heel height: 3.5\"</p>\r\n<p>- Shaft height: 5.5\"</p>\r\n<p>- Platform: 0.25\"</p>",
        "price": "29.00",
        "created": "2017-12-08T00:21:33Z",
        "size": [
            11,
            9,
            13,
            4,
            14,
            3
        ],
        "color": [
            3
        ]
    }
},
{
    "model": "products.product",
    "pk": 25,
    "fields": {
        "category": 5,
        "name": "Longline Faux Fur Coat",
        "description": "<p><strong>Details</strong></p>\r\n<p>A collarless coat in luxe faux fur with a longline silhouette, long sleeves, and a hook-eye front.</p>\r\n<p>&nbsp;</p>\r\n<p><strong>Content + Care</strong></p>\r\n<p>- Fully lined, midweight</p>\r\n<p><span style=\"white-space: pre;\">- </span>Shell: 84% modacrylic, 16% polyester; Lining: 100% polyester</p>\r\n<p><span style=\"white-space: pre;\">- </span>Dry clean</p>\r\n<p><span style=\"white-space: pre;\">- </span>Made in China</p>\r\n<p>&nbsp;</p>\r\n<p><strong>Size + Fit</strong></p>\r\n<p>- Measured from Small</p>\r\n<p><span style=\"white-space: pre;\">- </span>34\" full length, 41\" chest, 41\" waist, 24.25\" sleeve length</p>",
        "price": "75.00",
        "created": "2017-12-08T00:25:51Z",
        "size": [
            5,
            6,
            7,
            8,
            10,
            9,
            4,
            3
        ],
        "color": [
            1
        ]
    }
},
{
    "model": "products.product",
    "pk": 26,
    "fields": {
        "category": 1,
        "name": "Sequin Mesh Gown",
        "description": "<p><strong>Details</strong></p>\r\n<p>A mesh gown featuring allover threaded sequin embellishments, a V-neckline and V-back, a partial lining, concealed back zipper, and adjustable cami straps.</p>\r\n<p>&nbsp;</p>\r\n<p><strong>Content + Care</strong></p>\r\n<p>- Shell &amp; Lining: 100% polyester</p>\r\n<p>- Hand wash cold</p>\r\n<p>- Made in China</p>\r\n<p>&nbsp;</p>\r\n<p><strong>Size + Fit</strong></p>\r\n<p>- Model is 5'8\" and wearing a Small</p>\r\n<p>- Bust to hem: 55\"</p>\r\n<p>- Chest: 32\"</p>\r\n<p>- Waist: 24\"</p>",
        "price": "60.00",
        "created": "2017-12-08T00:33:07Z",
        "size": [
            5,
            6,
            7,
            8,
            10,
            9,
            4,
            3
        ],
        "color": [
            3
        ]
    }
},
{
    "model": "products.product",
    "pk": 27,
    "fields": {
        "category": 4,
        "name": "Metallic Ankle-Strap Heels",
        "description": "<p><strong>Details</strong></p>\r\n<p>A pair of metallic heels featuring an almond-shaped open toe, a buckled ankle-strap design, and a chunky block heel.</p>\r\n<p>&nbsp;</p>\r\n<p><strong>Content + Care</strong></p>\r\n<p>- Upper &amp; Insole 1: 59% polyester, 49% metallic</p>\r\n<p>- Lining: 87% polyester, 11% cotton, 2% rayon</p>\r\n<p>- Lining 2 &amp; Insole 2: 100% polyurethane</p>\r\n<p>- Outsole 1: 55% rayon, 35% polyester, 10% cotton</p>\r\n<p>- Outsole 2: 100% rubber</p>\r\n<p>- Made in China</p>\r\n<p>&nbsp;</p>\r\n<p><strong>Size + Fit</strong></p>\r\n<p>- Heel height: 4.5\"</p>\r\n<p>- Shaft height: 3.5\"</p>\r\n<p>- Platform: 0.25\"</p>",
        "price": "25.00",
        "created": "2017-12-08T00:36:54Z",
        "size": [
            11,
            9,
            13,
            4,
            14,
            3
        ],
        "color": [
            1
        ]
    }
},
{
    "model": "products.product",
    "pk": 28,
    "fields": {
        "category": 2,
        "name": "Plunging Self-Tie Crop Top",
        "description": "<p><strong>Details</strong></p>\r\n<p>A knit top featuring a plunging V-neckline, a dual front self-tie closure with ruching, long sleeves with ruched shoulders, and a cropped ruffle hem.</p>\r\n<p>&nbsp;</p>\r\n<p><strong>Content + Care</strong></p>\r\n<p>- 95% rayon, 5% spandex</p>\r\n<p>- Hand wash cold</p>\r\n<p>- Made in USA with imported materials</p>\r\n<p>&nbsp;</p>\r\n<p><strong>Size + Fit</strong></p>\r\n<p>- Model is 5'10\" and wearing a Small</p>\r\n<p>- Full length: 16\"</p>\r\n<p>- Chest: 32\"</p>\r\n<p>- Waist: 19\"</p>\r\n<p>- Sleeve length: 21\"</p>",
        "price": "22.00",
        "created": "2017-12-08T00:42:05Z",
        "size": [
            5,
            6,
            7,
            8,
            10,
            9,
            4,
            3
        ],
        "color": [
            1
        ]
    }
},
{
    "model": "products.product",
    "pk": 29,
    "fields": {
        "category": 5,
        "name": "Longline Faux Fur-Lined Parka",
        "description": "<p><strong>Details</strong></p>\r\n<p>A heavyweight woven parka featuring a buttoned and zippered front, detachable faux fur lining, detachable hood, drawstring waist, buttoned epaulets, two front flap buttoned pockets, on-sleeve flap pocket, and long button cuff sleeves.</p>\r\n<p>&nbsp;</p>\r\n<p><strong>Content + Care</strong></p>\r\n<p>- Shell: 100% polyester</p>\r\n<p>- Lining: 50% polyester, 50% acrylic</p>\r\n<p>- Hand wash cold</p>\r\n<p>- Made in China</p>\r\n<p>&nbsp;</p>\r\n<p><strong>Size + Fit</strong></p>\r\n<p>- Model is 5'8\" and wearing a Small</p>\r\n<p>- Full length: 30\"</p>\r\n<p>- Chest: 40\"</p>\r\n<p>- Waist: 38\"</p>\r\n<p>- Sleeve length: 25.5\"</p>",
        "price": "65.00",
        "created": "2017-12-08T00:46:47Z",
        "size": [
            5,
            6,
            7,
            8,
            10,
            9,
            4,
            3
        ],
        "color": [
            2
        ]
    }
},
{
    "model": "products.product",
    "pk": 30,
    "fields": {
        "category": 4,
        "name": "Velvet Chunky Heel Boots",
        "description": "<p><strong>Details</strong></p>\r\n<p>A pair of short velvet boots featuring a pointed toe and a stacked chunky heel.</p>\r\n<p>&nbsp;</p>\r\n<p><strong>Content + Care</strong></p>\r\n<p>- Padded insole, textured outsole</p>\r\n<p>- Upper: 92% polyester, 8% spandex</p>\r\n<p>- Lining 1 &amp; 2: 100% polyurethane</p>\r\n<p>- Outsole: 100% polyurethane</p>\r\n<p>- Made in China</p>\r\n<p>&nbsp;</p>\r\n<p><strong>Size + Fit</strong></p>\r\n<p>- Heel height: 3.25\"</p>\r\n<p>- Shaft height: 7\"</p>\r\n<p>- Platform: 0.25\"</p>",
        "price": "29.00",
        "created": "2017-12-08T00:49:29Z",
        "size": [
            11,
            9,
            13,
            4,
            14,
            3
        ],
        "color": [
            5
        ]
    }
},
{
    "model": "products.product",
    "pk": 31,
    "fields": {
        "category": 3,
        "name": "Metallic Mermaid Scale Leggings",
        "description": "<p><strong>Details</strong></p>\r\n<p>A pair of metallic stretch leggings featuring an allover mermaid scale coated fabric and a elasticized waist.</p>\r\n<p>&nbsp;</p>\r\n<p><strong>Content + Care</strong></p>\r\n<p>- 83% polyester, 17% spandex</p>\r\n<p>- Hand wash cold</p>\r\n<p>- Made in Vietnam</p>\r\n<p>&nbsp;</p>\r\n<p><strong>Size + Fit</strong></p>\r\n<p>- Model is 5'9\" and wearing a Small</p>\r\n<p>- Inseam: 27\"</p>\r\n<p>- Waist: 24.5\"</p>\r\n<p>- Rise: 12\"</p>",
        "price": "15.00",
        "created": "2017-12-08T00:52:54Z",
        "size": [
            5,
            6,
            7,
            8,
            10,
            9,
            4,
            3
        ],
        "color": [
            2
        ]
    }
},
{
    "model": "products.product",
    "pk": 32,
    "fields": {
        "category": 5,
        "name": "Faux Fur Cheetah Coat",
        "description": "<p><strong>Details</strong></p>\r\n<p>A longline faux fur coat featuring an allover cheetah print, notched lapels, button-front, and long sleeves.</p>\r\n<p>&nbsp;</p>\r\n<p><strong>Content + Care</strong></p>\r\n<p>- Shell 1: 75% acrylic, 25% polyester</p>\r\n<p>- Lining: 100% polyester</p>\r\n<p>- Dry clean</p>\r\n<p>- Made in China</p>\r\n<p>&nbsp;</p>\r\n<p><strong>Size + Fit</strong></p>\r\n<p>- Model is 5'8\" and wearing a Small</p>\r\n<p>- Full length: 39\"</p>\r\n<p>- Chest: 38\"</p>\r\n<p>- Waist: 36\"</p>\r\n<p>- Sleeve length: 26\"</p>",
        "price": "63.00",
        "created": "2017-12-08T00:55:59Z",
        "size": [
            5,
            6,
            7,
            8,
            10,
            9,
            4,
            3
        ],
        "color": [
            3
        ]
    }
},
{
    "model": "products.product",
    "pk": 33,
    "fields": {
        "category": 1,
        "name": "Metallic Knit Maxi Dress",
        "description": "<p><strong>Details</strong></p>\r\n<p>A knit maxi dress crafted from metallic yarn featuring a plunging V-neckline, adjustable cami straps that cross at the back, a micro-pleated design, and a concealed side zipper.</p>\r\n<p>&nbsp;</p>\r\n<p><strong>Content + Care</strong></p>\r\n<p>- 100% polyester</p>\r\n<p>- Hand wash cold</p>\r\n<p>- Made in China</p>\r\n<p>&nbsp;</p>\r\n<p><strong>Size + Fit</strong></p>\r\n<p>- Model is 5'9\" and wearing a Small</p>\r\n<p>- Bust to hem: 54\"</p>\r\n<p>- Chest: 24\"</p>\r\n<p>- Waist: 22\"</p>",
        "price": "60.00",
        "created": "2017-12-08T00:59:23Z",
        "size": [
            5,
            6,
            7,
            8,
            10,
            9,
            4,
            3
        ],
        "color": [
            3
        ]
    }
},
{
    "model": "products.image",
    "pk": 1,
    "fields": {
        "product": 1,
        "name": "dress-01-1",
        "image": "images/dress-01-1.jpg"
    }
},
{
    "model": "products.image",
    "pk": 2,
    "fields": {
        "product": 1,
        "name": "dress-01-2",
        "image": "images/dress-01-2.jpg"
    }
},
{
    "model": "products.image",
    "pk": 3,
    "fields": {
        "product": 1,
        "name": "dress-01-3",
        "image": "images/dress-01-3.jpg"
    }
},
{
    "model": "products.image",
    "pk": 4,
    "fields": {
        "product": 1,
        "name": "dress-01-4",
        "image": "images/dress-01-4.jpg"
    }
},
{
    "model": "products.image",
    "pk": 6,
    "fields": {
        "product": 2,
        "name": "top-06-1",
        "image": "images/top-06-1.jpg"
    }
},
{
    "model": "products.image",
    "pk": 7,
    "fields": {
        "product": 2,
        "name": "top-06-2",
        "image": "images/top-06-2.jpg"
    }
},
{
    "model": "products.image",
    "pk": 8,
    "fields": {
        "product": 2,
        "name": "top-06-3",
        "image": "images/top-06-3.jpg"
    }
},
{
    "model": "products.image",
    "pk": 9,
    "fields": {
        "product": 2,
        "name": "top-06-4",
        "image": "images/top-06-4.jpg"
    }
},
{
    "model": "products.image",
    "pk": 10,
    "fields": {
        "product": 3,
        "name": "trousers-02-1",
        "image": "images/trousers-02-1.jpg"
    }
},
{
    "model": "products.image",
    "pk": 11,
    "fields": {
        "product": 3,
        "name": "trousers-02-2",
        "image": "images/trousers-02-2.jpg"
    }
},
{
    "model": "products.image",
    "pk": 12,
    "fields": {
        "product": 3,
        "name": "trousers-02-3",
        "image": "images/trousers-02-3.jpg"
    }
},
{
    "model": "products.image",
    "pk": 13,
    "fields": {
        "product": 3,
        "name": "trousers-02-4",
        "image": "images/trousers-02-4.jpg"
    }
},
{
    "model": "products.image",
    "pk": 14,
    "fields": {
        "product": 4,
        "name": "top-07-1",
        "image": "images/top-07-1.jpg"
    }
},
{
    "model": "products.image",
    "pk": 15,
    "fields": {
        "product": 4,
        "name": "top-07-2",
        "image": "images/top-07-2.jpg"
    }
},
{
    "model": "products.image",
    "pk": 16,
    "fields": {
        "product": 4,
        "name": "top-07-3",
        "image": "images/top-07-3.jpg"
    }
},
{
    "model": "products.image",
    "pk": 17,
    "fields": {
        "product": 4,
        "name": "top-07-4",
        "image": "images/top-07-4.jpg"
    }
},
{
    "model": "products.image",
    "pk": 19,
    "fields": {
        "product": 5,
        "name": "coat-04-1",
        "image": "images/coat-04-1.jpg"
    }
},
{
    "model": "products.image",
    "pk": 20,
    "fields": {
        "product": 5,
        "name": "coat-04-2",
        "image": "images/coat-04-2.jpg"
    }
},
{
    "model": "products.image",
    "pk": 21,
    "fields": {
        "product": 5,
        "name": "coat-04-3",
        "image": "images/coat-04-3.jpg"
    }
},
{
    "model": "products.image",
    "pk": 22,
    "fields": {
        "product": 5,
        "name": "coat-04-4",
        "image": "images/coat-04-4.jpg"
    }
},
{
    "model": "products.image",
    "pk": 23,
    "fields": {
        "product": 6,
        "name": "dress-03-1",
        "image": "images/dress-03-1.jpg"
    }
},
{
    "model": "products.image",
    "pk": 24,
    "fields": {
        "product": 6,
        "name": "dress-03-2",
        "image": "images/dress-03-2.jpg"
    }
},
{
    "model": "products.image",
    "pk": 25,
    "fields": {
        "product": 6,
        "name": "dress-03-3",
        "image": "images/dress-03-3.jpg"
    }
},
{
    "model": "products.image",
    "pk": 26,
    "fields": {
        "product": 6,
        "name": "dress-03-4",
        "image": "images/dress-03-4.jpg"
    }
},
{
    "model": "products.image",
    "pk": 27,
    "fields": {
        "product": 7,
        "name": "shoes-04-1",
        "image": "images/shoes-04-1.jpg"
    }
},
{
    "model": "products.image",
    "pk": 28,
    "fields": {
        "product": 7,
        "name": "shoes-04-2",
        "image": "images/shoes-04-2.jpg"
    }
},
{
    "model": "products.image",
    "pk": 29,
    "fields": {
        "product": 7,
        "name": "shoes-04-3",
        "image": "images/shoes-04-3.jpg"
    }
},
{
    "model": "products.image",
    "pk": 31,
    "fields": {
        "product": 7,
        "name": "shoes-04-5",
        "image": "images/shoes-04-5.jpg"
    }
},
{
    "model": "products.image",
    "pk": 32,
    "fields": {
        "product": 8,
        "name": "top-03-1",
        "image": "images/top-03-1.jpg"
    }
},
{
    "model": "products.image",
    "pk": 33,
    "fields": {
        "product": 8,
        "name": "top-03-2",
        "image": "images/top-03-2.jpg"
    }
},
{
    "model": "products.image",
    "pk": 34,
    "fields": {
        "product": 8,
        "name": "top-03-3",
        "image": "images/top-03-3.jpg"
    }
},
{
    "model": "products.image",
    "pk": 35,
    "fields": {
        "product": 8,
        "name": "top-03-4",
        "image": "images/top-03-4.jpg"
    }
},
{
    "model": "products.image",
    "pk": 36,
    "fields": {
        "product": 9,
        "name": "trousers-04-1",
        "image": "images/trousers-04-1.jpg"
    }
},
{
    "model": "products.image",
    "pk": 37,
    "fields": {
        "product": 9,
        "name": "trousers-04-2",
        "image": "images/trousers-04-2.jpg"
    }
},
{
    "model": "products.image",
    "pk": 38,
    "fields": {
        "product": 9,
        "name": "trousers-04-3",
        "image": "images/trousers-04-3.jpg"
    }
},
{
    "model": "products.image",
    "pk": 39,
    "fields": {
        "product": 9,
        "name": "trousers-04-4",
        "image": "images/trousers-04-4.jpg"
    }
},
{
    "model": "products.image",
    "pk": 40,
    "fields": {
        "product": 10,
        "name": "coat-01-1",
        "image": "images/coat-01-1.jpg"
    }
},
{
    "model": "products.image",
    "pk": 41,
    "fields": {
        "product": 10,
        "name": "coat-01-2",
        "image": "images/coat-01-2.jpg"
    }
},
{
    "model": "products.image",
    "pk": 42,
    "fields": {
        "product": 10,
        "name": "coat-01-3",
        "image": "images/coat-01-3.jpg"
    }
},
{
    "model": "products.image",
    "pk": 43,
    "fields": {
        "product": 10,
        "name": "coat-01-4",
        "image": "images/coat-01-4.jpg"
    }
},
{
    "model": "products.image",
    "pk": 44,
    "fields": {
        "product": 11,
        "name": "dress-04-1",
        "image": "images/dress-04-1.jpg"
    }
},
{
    "model": "products.image",
    "pk": 45,
    "fields": {
        "product": 11,
        "name": "dress-04-2",
        "image": "images/dress-04-2.jpg"
    }
},
{
    "model": "products.image",
    "pk": 46,
    "fields": {
        "product": 11,
        "name": "dress-04-3",
        "image": "images/dress-04-3.jpg"
    }
},
{
    "model": "products.image",
    "pk": 47,
    "fields": {
        "product": 11,
        "name": "dress-04-4",
        "image": "images/dress-04-4.jpg"
    }
},
{
    "model": "products.image",
    "pk": 48,
    "fields": {
        "product": 12,
        "name": "shoes-05-1",
        "image": "images/shoes-05-1.jpg"
    }
},
{
    "model": "products.image",
    "pk": 49,
    "fields": {
        "product": 12,
        "name": "shoes-05-2",
        "image": "images/shoes-05-2.jpg"
    }
},
{
    "model": "products.image",
    "pk": 51,
    "fields": {
        "product": 12,
        "name": "shoes-05-4",
        "image": "images/shoes-05-4.jpg"
    }
},
{
    "model": "products.image",
    "pk": 52,
    "fields": {
        "product": 12,
        "name": "shoes-05-5",
        "image": "images/shoes-05-5.jpg"
    }
},
{
    "model": "products.image",
    "pk": 53,
    "fields": {
        "product": 12,
        "name": "shoes-05-3",
        "image": "images/shoes-05-3.jpg"
    }
},
{
    "model": "products.image",
    "pk": 54,
    "fields": {
        "product": 1,
        "name": "dress-01-5",
        "image": "images/dress-01-5.jpg"
    }
},
{
    "model": "products.image",
    "pk": 55,
    "fields": {
        "product": 4,
        "name": "top-07-5",
        "image": "images/top-07-5.jpg"
    }
},
{
    "model": "products.image",
    "pk": 56,
    "fields": {
        "product": 7,
        "name": "shoes-04-4",
        "image": "images/shoes-04-4.jpg"
    }
},
{
    "model": "products.image",
    "pk": 57,
    "fields": {
        "product": 13,
        "name": "top-01-1",
        "image": "images/top-01-1.jpg"
    }
},
{
    "model": "products.image",
    "pk": 58,
    "fields": {
        "product": 13,
        "name": "top-01-2",
        "image": "images/top-01-2.jpg"
    }
},
{
    "model": "products.image",
    "pk": 59,
    "fields": {
        "product": 13,
        "name": "top-01-3",
        "image": "images/top-01-3.jpg"
    }
},
{
    "model": "products.image",
    "pk": 60,
    "fields": {
        "product": 13,
        "name": "top-01-4",
        "image": "images/top-01-4.jpg"
    }
},
{
    "model": "products.image",
    "pk": 61,
    "fields": {
        "product": 14,
        "name": "dress-02-1",
        "image": "images/dress-02-1.jpg"
    }
},
{
    "model": "products.image",
    "pk": 62,
    "fields": {
        "product": 14,
        "name": "dress-02-2",
        "image": "images/dress-02-2.jpg"
    }
},
{
    "model": "products.image",
    "pk": 63,
    "fields": {
        "product": 14,
        "name": "dress-02-3",
        "image": "images/dress-02-3.jpg"
    }
},
{
    "model": "products.image",
    "pk": 64,
    "fields": {
        "product": 14,
        "name": "dress-02-4",
        "image": "images/dress-02-4.jpg"
    }
},
{
    "model": "products.image",
    "pk": 65,
    "fields": {
        "product": 15,
        "name": "trousers-07-1",
        "image": "images/trousers-07-1.jpg"
    }
},
{
    "model": "products.image",
    "pk": 66,
    "fields": {
        "product": 15,
        "name": "trousers-07-2",
        "image": "images/trousers-07-2.jpg"
    }
},
{
    "model": "products.image",
    "pk": 67,
    "fields": {
        "product": 15,
        "name": "trousers-07-3",
        "image": "images/trousers-07-3.jpg"
    }
},
{
    "model": "products.image",
    "pk": 68,
    "fields": {
        "product": 15,
        "name": "trousers-07-4",
        "image": "images/trousers-07-4.jpg"
    }
},
{
    "model": "products.image",
    "pk": 69,
    "fields": {
        "product": 16,
        "name": "top-05-1",
        "image": "images/top-05-1.jpg"
    }
},
{
    "model": "products.image",
    "pk": 70,
    "fields": {
        "product": 16,
        "name": "top-05-2",
        "image": "images/top-05-2.jpg"
    }
},
{
    "model": "products.image",
    "pk": 71,
    "fields": {
        "product": 16,
        "name": "top-05-3",
        "image": "images/top-05-3.jpg"
    }
},
{
    "model": "products.image",
    "pk": 72,
    "fields": {
        "product": 16,
        "name": "top-05-4",
        "image": "images/top-05-4.jpg"
    }
},
{
    "model": "products.image",
    "pk": 73,
    "fields": {
        "product": 17,
        "name": "shoes-06-1",
        "image": "images/shoes-06-1.jpg"
    }
},
{
    "model": "products.image",
    "pk": 74,
    "fields": {
        "product": 17,
        "name": "shoes-06-2",
        "image": "images/shoes-06-2.jpg"
    }
},
{
    "model": "products.image",
    "pk": 75,
    "fields": {
        "product": 17,
        "name": "shoes-06-3",
        "image": "images/shoes-06-3.jpg"
    }
},
{
    "model": "products.image",
    "pk": 76,
    "fields": {
        "product": 17,
        "name": "shoes-06-4",
        "image": "images/shoes-06-4.jpg"
    }
},
{
    "model": "products.image",
    "pk": 77,
    "fields": {
        "product": 17,
        "name": "shoes-06-5",
        "image": "images/shoes-06-5.jpg"
    }
},
{
    "model": "products.image",
    "pk": 78,
    "fields": {
        "product": 18,
        "name": "dress-07-1",
        "image": "images/dress-07-1.jpg"
    }
},
{
    "model": "products.image",
    "pk": 79,
    "fields": {
        "product": 18,
        "name": "dress-07-2",
        "image": "images/dress-07-2.jpg"
    }
},
{
    "model": "products.image",
    "pk": 80,
    "fields": {
        "product": 18,
        "name": "dress-07-3",
        "image": "images/dress-07-3.jpg"
    }
},
{
    "model": "products.image",
    "pk": 81,
    "fields": {
        "product": 18,
        "name": "dress-07-4",
        "image": "images/dress-07-4.jpg"
    }
},
{
    "model": "products.image",
    "pk": 82,
    "fields": {
        "product": 19,
        "name": "coat-06-1",
        "image": "images/coat-06-1.jpg"
    }
},
{
    "model": "products.image",
    "pk": 83,
    "fields": {
        "product": 19,
        "name": "coat-06-2",
        "image": "images/coat-06-2.jpg"
    }
},
{
    "model": "products.image",
    "pk": 84,
    "fields": {
        "product": 19,
        "name": "coat-06-3",
        "image": "images/coat-06-3.jpg"
    }
},
{
    "model": "products.image",
    "pk": 85,
    "fields": {
        "product": 19,
        "name": "coat-06-4",
        "image": "images/coat-06-4.jpg"
    }
},
{
    "model": "products.image",
    "pk": 86,
    "fields": {
        "product": 20,
        "name": "trousers-03-1",
        "image": "images/trousers-03-1.jpg"
    }
},
{
    "model": "products.image",
    "pk": 87,
    "fields": {
        "product": 20,
        "name": "trousers-03-2",
        "image": "images/trousers-03-2.jpg"
    }
},
{
    "model": "products.image",
    "pk": 88,
    "fields": {
        "product": 20,
        "name": "trousers-03-3",
        "image": "images/trousers-03-3.jpg"
    }
},
{
    "model": "products.image",
    "pk": 89,
    "fields": {
        "product": 20,
        "name": "trousers-03-4",
        "image": "images/trousers-03-4.jpg"
    }
},
{
    "model": "products.image",
    "pk": 90,
    "fields": {
        "product": 21,
        "name": "top-02-1",
        "image": "images/top-02-1.jpg"
    }
},
{
    "model": "products.image",
    "pk": 91,
    "fields": {
        "product": 21,
        "name": "top-02-2",
        "image": "images/top-02-2.jpg"
    }
},
{
    "model": "products.image",
    "pk": 92,
    "fields": {
        "product": 21,
        "name": "top-02-3",
        "image": "images/top-02-3.jpg"
    }
},
{
    "model": "products.image",
    "pk": 93,
    "fields": {
        "product": 21,
        "name": "top-02-4",
        "image": "images/top-02-4.jpg"
    }
},
{
    "model": "products.image",
    "pk": 94,
    "fields": {
        "product": 22,
        "name": "dress-06-1",
        "image": "images/dress-06-1.jpg"
    }
},
{
    "model": "products.image",
    "pk": 95,
    "fields": {
        "product": 22,
        "name": "dress-06-2",
        "image": "images/dress-06-2.jpg"
    }
},
{
    "model": "products.image",
    "pk": 96,
    "fields": {
        "product": 22,
        "name": "dress-06-3",
        "image": "images/dress-06-3.jpg"
    }
},
{
    "model": "products.image",
    "pk": 97,
    "fields": {
        "product": 22,
        "name": "dress-06-4",
        "image": "images/dress-06-4.jpg"
    }
},
{
    "model": "products.image",
    "pk": 98,
    "fields": {
        "product": 23,
        "name": "trousers-01-1",
        "image": "images/trousers-01-1.jpg"
    }
},
{
    "model": "products.image",
    "pk": 99,
    "fields": {
        "product": 23,
        "name": "trousers-01-2",
        "image": "images/trousers-01-2.jpg"
    }
},
{
    "model": "products.image",
    "pk": 100,
    "fields": {
        "product": 23,
        "name": "trousers-01-3",
        "image": "images/trousers-01-3.jpg"
    }
},
{
    "model": "products.image",
    "pk": 101,
    "fields": {
        "product": 23,
        "name": "trousers-01-4",
        "image": "images/trousers-01-4.jpg"
    }
},
{
    "model": "products.image",
    "pk": 102,
    "fields": {
        "product": 24,
        "name": "shoes-02-1",
        "image": "images/shoes-02-1.jpg"
    }
},
{
    "model": "products.image",
    "pk": 103,
    "fields": {
        "product": 24,
        "name": "shoes-02-2",
        "image": "images/shoes-02-2.jpg"
    }
},
{
    "model": "products.image",
    "pk": 104,
    "fields": {
        "product": 24,
        "name": "shoes-02-3",
        "image": "images/shoes-02-3.jpg"
    }
},
{
    "model": "products.image",
    "pk": 105,
    "fields": {
        "product": 24,
        "name": "shoes-02-4",
        "image": "images/shoes-02-4.jpg"
    }
},
{
    "model": "products.image",
    "pk": 106,
    "fields": {
        "product": 24,
        "name": "shoes-02-5",
        "image": "images/shoes-02-5.jpg"
    }
},
{
    "model": "products.image",
    "pk": 107,
    "fields": {
        "product": 25,
        "name": "coat-02-1",
        "image": "images/coat-02-1.jpg"
    }
},
{
    "model": "products.image",
    "pk": 108,
    "fields": {
        "product": 25,
        "name": "coat-02-2",
        "image": "images/coat-02-2.jpg"
    }
},
{
    "model": "products.image",
    "pk": 109,
    "fields": {
        "product": 25,
        "name": "coat-02-3",
        "image": "images/coat-02-3.jpg"
    }
},
{
    "model": "products.image",
    "pk": 110,
    "fields": {
        "product": 25,
        "name": "coat-02-4",
        "image": "images/coat-02-4.jpg"
    }
},
{
    "model": "products.image",
    "pk": 111,
    "fields": {
        "product": 26,
        "name": "dress-05-1",
        "image": "images/dress-05-1.jpg"
    }
},
{
    "model": "products.image",
    "pk": 112,
    "fields": {
        "product": 26,
        "name": "dress-05-2",
        "image": "images/dress-05-2.jpg"
    }
},
{
    "model": "products.image",
    "pk": 113,
    "fields": {
        "product": 26,
        "name": "dress-05-3",
        "image": "images/dress-05-3.jpg"
    }
},
{
    "model": "products.image",
    "pk": 114,
    "fields": {
        "product": 26,
        "name": "dress-05-4",
        "image": "images/dress-05-4.jpg"
    }
},
{
    "model": "products.image",
    "pk": 115,
    "fields": {
        "product": 27,
        "name": "shoes-01-1",
        "image": "images/shoes-01-1.jpg"
    }
},
{
    "model": "products.image",
    "pk": 116,
    "fields": {
        "product": 27,
        "name": "shoes-01-2",
        "image": "images/shoes-01-2.jpg"
    }
},
{
    "model": "products.image",
    "pk": 117,
    "fields": {
        "product": 27,
        "name": "shoes-01-3",
        "image": "images/shoes-01-3.jpg"
    }
},
{
    "model": "products.image",
    "pk": 118,
    "fields": {
        "product": 27,
        "name": "shoes-01-4",
        "image": "images/shoes-01-4.jpg"
    }
},
{
    "model": "products.image",
    "pk": 119,
    "fields": {
        "product": 28,
        "name": "top-04-1",
        "image": "images/top-04-1.jpg"
    }
},
{
    "model": "products.image",
    "pk": 120,
    "fields": {
        "product": 28,
        "name": "top-04-2",
        "image": "images/top-04-2.jpg"
    }
},
{
    "model": "products.image",
    "pk": 121,
    "fields": {
        "product": 28,
        "name": "top-04-3",
        "image": "images/top-04-3.jpg"
    }
},
{
    "model": "products.image",
    "pk": 122,
    "fields": {
        "product": 28,
        "name": "top-04-4",
        "image": "images/top-04-4.jpg"
    }
},
{
    "model": "products.image",
    "pk": 123,
    "fields": {
        "product": 29,
        "name": "coat-03-1",
        "image": "images/coat-03-1.jpg"
    }
},
{
    "model": "products.image",
    "pk": 124,
    "fields": {
        "product": 29,
        "name": "coat-03-2",
        "image": "images/coat-03-2.jpg"
    }
},
{
    "model": "products.image",
    "pk": 125,
    "fields": {
        "product": 29,
        "name": "coat-03-3",
        "image": "images/coat-03-3.jpg"
    }
},
{
    "model": "products.image",
    "pk": 126,
    "fields": {
        "product": 29,
        "name": "coat-03-4",
        "image": "images/coat-03-4.jpg"
    }
},
{
    "model": "products.image",
    "pk": 127,
    "fields": {
        "product": 30,
        "name": "shoes-03-1",
        "image": "images/shoes-03-1.jpg"
    }
},
{
    "model": "products.image",
    "pk": 128,
    "fields": {
        "product": 30,
        "name": "shoes-03-2",
        "image": "images/shoes-03-2.jpg"
    }
},
{
    "model": "products.image",
    "pk": 129,
    "fields": {
        "product": 30,
        "name": "shoes-03-3",
        "image": "images/shoes-03-3.jpg"
    }
},
{
    "model": "products.image",
    "pk": 130,
    "fields": {
        "product": 30,
        "name": "shoes-03-5",
        "image": "images/shoes-03-5.jpg"
    }
},
{
    "model": "products.image",
    "pk": 131,
    "fields": {
        "product": 30,
        "name": "shoes-03-6",
        "image": "images/shoes-03-6.jpg"
    }
},
{
    "model": "products.image",
    "pk": 132,
    "fields": {
        "product": 31,
        "name": "trousers-06-1",
        "image": "images/trousers-06-1.jpg"
    }
},
{
    "model": "products.image",
    "pk": 133,
    "fields": {
        "product": 31,
        "name": "trousers-06-2",
        "image": "images/trousers-06-2.jpg"
    }
},
{
    "model": "products.image",
    "pk": 134,
    "fields": {
        "product": 31,
        "name": "trousers-06-3",
        "image": "images/trousers-06-3.jpg"
    }
},
{
    "model": "products.image",
    "pk": 135,
    "fields": {
        "product": 31,
        "name": "trousers-06-4",
        "image": "images/trousers-06-4.jpg"
    }
},
{
    "model": "products.image",
    "pk": 136,
    "fields": {
        "product": 32,
        "name": "coats-05-1",
        "image": "images/coat-05-1.jpg"
    }
},
{
    "model": "products.image",
    "pk": 137,
    "fields": {
        "product": 32,
        "name": "coats-05-2",
        "image": "images/coat-05-2.jpg"
    }
},
{
    "model": "products.image",
    "pk": 138,
    "fields": {
        "product": 32,
        "name": "coats-05-3",
        "image": "images/coat-05-3.jpg"
    }
},
{
    "model": "products.image",
    "pk": 139,
    "fields": {
        "product": 33,
        "name": "dress-08-1",
        "image": "images/dress-08-1.jpg"
    }
},
{
    "model": "products.image",
    "pk": 140,
    "fields": {
        "product": 33,
        "name": "dress-08-2",
        "image": "images/dress-09-2.jpg"
    }
},
{
    "model": "products.image",
    "pk": 141,
    "fields": {
        "product": 33,
        "name": "dress-08-3",
        "image": "images/dress-09-3.jpg"
    }
},
{
    "model": "products.stock",
    "pk": 1,
    "fields": {
        "amount": 24,
        "product": 1,
        "size": 5,
        "color": 1
    }
},
{
    "model": "products.stock",
    "pk": 2,
    "fields": {
        "amount": 25,
        "product": 1,
        "size": 6,
        "color": 1
    }
},
{
    "model": "products.stock",
    "pk": 3,
    "fields": {
        "amount": 25,
        "product": 1,
        "size": 7,
        "color": 1
    }
},
{
    "model": "products.stock",
    "pk": 4,
    "fields": {
        "amount": 25,
        "product": 1,
        "size": 8,
        "color": 1
    }
},
{
    "model": "products.stock",
    "pk": 5,
    "fields": {
        "amount": 25,
        "product": 1,
        "size": 10,
        "color": 1
    }
},
{
    "model": "products.stock",
    "pk": 6,
    "fields": {
        "amount": 25,
        "product": 1,
        "size": 9,
        "color": 1
    }
},
{
    "model": "products.stock",
    "pk": 7,
    "fields": {
        "amount": 25,
        "product": 1,
        "size": 4,
        "color": 1
    }
},
{
    "model": "products.stock",
    "pk": 8,
    "fields": {
        "amount": 25,
        "product": 1,
        "size": 3,
        "color": 1
    }
},
{
    "model": "products.stock",
    "pk": 9,
    "fields": {
        "amount": 5,
        "product": 2,
        "size": 5,
        "color": 3
    }
},
{
    "model": "products.stock",
    "pk": 10,
    "fields": {
        "amount": 5,
        "product": 2,
        "size": 6,
        "color": 3
    }
},
{
    "model": "products.stock",
    "pk": 11,
    "fields": {
        "amount": 5,
        "product": 2,
        "size": 7,
        "color": 3
    }
},
{
    "model": "products.stock",
    "pk": 12,
    "fields": {
        "amount": 5,
        "product": 2,
        "size": 8,
        "color": 3
    }
},
{
    "model": "products.stock",
    "pk": 13,
    "fields": {
        "amount": 5,
        "product": 2,
        "size": 10,
        "color": 3
    }
},
{
    "model": "products.stock",
    "pk": 14,
    "fields": {
        "amount": 5,
        "product": 2,
        "size": 9,
        "color": 3
    }
},
{
    "model": "products.stock",
    "pk": 15,
    "fields": {
        "amount": 5,
        "product": 2,
        "size": 4,
        "color": 3
    }
},
{
    "model": "products.stock",
    "pk": 16,
    "fields": {
        "amount": 5,
        "product": 2,
        "size": 3,
        "color": 3
    }
},
{
    "model": "products.stock",
    "pk": 17,
    "fields": {
        "amount": 5,
        "product": 3,
        "size": 5,
        "color": 1
    }
},
{
    "model": "products.stock",
    "pk": 18,
    "fields": {
        "amount": 5,
        "product": 3,
        "size": 6,
        "color": 1
    }
},
{
    "model": "products.stock",
    "pk": 19,
    "fields": {
        "amount": 5,
        "product": 3,
        "size": 7,
        "color": 1
    }
},
{
    "model": "products.stock",
    "pk": 20,
    "fields": {
        "amount": 5,
        "product": 3,
        "size": 8,
        "color": 1
    }
},
{
    "model": "products.stock",
    "pk": 21,
    "fields": {
        "amount": 5,
        "product": 3,
        "size": 10,
        "color": 1
    }
},
{
    "model": "products.stock",
    "pk": 22,
    "fields": {
        "amount": 5,
        "product": 3,
        "size": 9,
        "color": 1
    }
},
{
    "model": "products.stock",
    "pk": 23,
    "fields": {
        "amount": 5,
        "product": 3,
        "size": 4,
        "color": 1
    }
},
{
    "model": "products.stock",
    "pk": 24,
    "fields": {
        "amount": 5,
        "product": 3,
        "size": 3,
        "color": 1
    }
},
{
    "model": "products.stock",
    "pk": 25,
    "fields": {
        "amount": 7,
        "product": 4,
        "size": 5,
        "color": 5
    }
},
{
    "model": "products.stock",
    "pk": 26,
    "fields": {
        "amount": 7,
        "product": 4,
        "size": 6,
        "color": 5
    }
},
{
    "model": "products.stock",
    "pk": 27,
    "fields": {
        "amount": 7,
        "product": 4,
        "size": 7,
        "color": 5
    }
},
{
    "model": "products.stock",
    "pk": 28,
    "fields": {
        "amount": 7,
        "product": 4,
        "size": 8,
        "color": 5
    }
},
{
    "model": "products.stock",
    "pk": 29,
    "fields": {
        "amount": 7,
        "product": 4,
        "size": 10,
        "color": 5
    }
},
{
    "model": "products.stock",
    "pk": 30,
    "fields": {
        "amount": 7,
        "product": 4,
        "size": 9,
        "color": 5
    }
},
{
    "model": "products.stock",
    "pk": 31,
    "fields": {
        "amount": 7,
        "product": 4,
        "size": 4,
        "color": 5
    }
},
{
    "model": "products.stock",
    "pk": 32,
    "fields": {
        "amount": 5,
        "product": 4,
        "size": 3,
        "color": 5
    }
},
{
    "model": "products.stock",
    "pk": 33,
    "fields": {
        "amount": 3,
        "product": 5,
        "size": 5,
        "color": 4
    }
},
{
    "model": "products.stock",
    "pk": 34,
    "fields": {
        "amount": 2,
        "product": 5,
        "size": 6,
        "color": 4
    }
},
{
    "model": "products.stock",
    "pk": 35,
    "fields": {
        "amount": 3,
        "product": 5,
        "size": 7,
        "color": 4
    }
},
{
    "model": "products.stock",
    "pk": 36,
    "fields": {
        "amount": 2,
        "product": 5,
        "size": 8,
        "color": 4
    }
},
{
    "model": "products.stock",
    "pk": 37,
    "fields": {
        "amount": 3,
        "product": 5,
        "size": 10,
        "color": 4
    }
},
{
    "model": "products.stock",
    "pk": 38,
    "fields": {
        "amount": 3,
        "product": 5,
        "size": 9,
        "color": 4
    }
},
{
    "model": "products.stock",
    "pk": 39,
    "fields": {
        "amount": 3,
        "product": 5,
        "size": 4,
        "color": 4
    }
},
{
    "model": "products.stock",
    "pk": 40,
    "fields": {
        "amount": 2,
        "product": 5,
        "size": 3,
        "color": 4
    }
},
{
    "model": "products.stock",
    "pk": 41,
    "fields": {
        "amount": 5,
        "product": 6,
        "size": 5,
        "color": 8
    }
},
{
    "model": "products.stock",
    "pk": 42,
    "fields": {
        "amount": 5,
        "product": 6,
        "size": 6,
        "color": 8
    }
},
{
    "model": "products.stock",
    "pk": 43,
    "fields": {
        "amount": 3,
        "product": 6,
        "size": 7,
        "color": 8
    }
},
{
    "model": "products.stock",
    "pk": 44,
    "fields": {
        "amount": 5,
        "product": 6,
        "size": 8,
        "color": 8
    }
},
{
    "model": "products.stock",
    "pk": 45,
    "fields": {
        "amount": 5,
        "product": 6,
        "size": 10,
        "color": 8
    }
},
{
    "model": "products.stock",
    "pk": 46,
    "fields": {
        "amount": 5,
        "product": 6,
        "size": 9,
        "color": 8
    }
},
{
    "model": "products.stock",
    "pk": 47,
    "fields": {
        "amount": 5,
        "product": 6,
        "size": 4,
        "color": 8
    }
},
{
    "model": "products.stock",
    "pk": 48,
    "fields": {
        "amount": 5,
        "product": 6,
        "size": 3,
        "color": 8
    }
},
{
    "model": "products.stock",
    "pk": 49,
    "fields": {
        "amount": 4,
        "product": 7,
        "size": 11,
        "color": 1
    }
},
{
    "model": "products.stock",
    "pk": 50,
    "fields": {
        "amount": 4,
        "product": 7,
        "size": 9,
        "color": 1
    }
},
{
    "model": "products.stock",
    "pk": 51,
    "fields": {
        "amount": 4,
        "product": 7,
        "size": 13,
        "color": 1
    }
},
{
    "model": "products.stock",
    "pk": 52,
    "fields": {
        "amount": 4,
        "product": 7,
        "size": 4,
        "color": 1
    }
},
{
    "model": "products.stock",
    "pk": 53,
    "fields": {
        "amount": 4,
        "product": 7,
        "size": 14,
        "color": 1
    }
},
{
    "model": "products.stock",
    "pk": 54,
    "fields": {
        "amount": 4,
        "product": 7,
        "size": 3,
        "color": 1
    }
},
{
    "model": "products.stock",
    "pk": 55,
    "fields": {
        "amount": 7,
        "product": 8,
        "size": 5,
        "color": 2
    }
},
{
    "model": "products.stock",
    "pk": 56,
    "fields": {
        "amount": 7,
        "product": 8,
        "size": 6,
        "color": 2
    }
},
{
    "model": "products.stock",
    "pk": 57,
    "fields": {
        "amount": 7,
        "product": 8,
        "size": 7,
        "color": 2
    }
},
{
    "model": "products.stock",
    "pk": 58,
    "fields": {
        "amount": 7,
        "product": 8,
        "size": 8,
        "color": 2
    }
},
{
    "model": "products.stock",
    "pk": 59,
    "fields": {
        "amount": 7,
        "product": 8,
        "size": 10,
        "color": 2
    }
},
{
    "model": "products.stock",
    "pk": 60,
    "fields": {
        "amount": 7,
        "product": 8,
        "size": 9,
        "color": 2
    }
},
{
    "model": "products.stock",
    "pk": 61,
    "fields": {
        "amount": 6,
        "product": 8,
        "size": 4,
        "color": 2
    }
},
{
    "model": "products.stock",
    "pk": 62,
    "fields": {
        "amount": 7,
        "product": 8,
        "size": 3,
        "color": 2
    }
},
{
    "model": "products.stock",
    "pk": 63,
    "fields": {
        "amount": 3,
        "product": 9,
        "size": 5,
        "color": 1
    }
},
{
    "model": "products.stock",
    "pk": 64,
    "fields": {
        "amount": 1,
        "product": 9,
        "size": 6,
        "color": 1
    }
},
{
    "model": "products.stock",
    "pk": 65,
    "fields": {
        "amount": 3,
        "product": 9,
        "size": 7,
        "color": 1
    }
},
{
    "model": "products.stock",
    "pk": 66,
    "fields": {
        "amount": 3,
        "product": 9,
        "size": 8,
        "color": 1
    }
},
{
    "model": "products.stock",
    "pk": 67,
    "fields": {
        "amount": 3,
        "product": 9,
        "size": 10,
        "color": 1
    }
},
{
    "model": "products.stock",
    "pk": 68,
    "fields": {
        "amount": 3,
        "product": 9,
        "size": 9,
        "color": 1
    }
},
{
    "model": "products.stock",
    "pk": 69,
    "fields": {
        "amount": 3,
        "product": 9,
        "size": 4,
        "color": 1
    }
},
{
    "model": "products.stock",
    "pk": 70,
    "fields": {
        "amount": 3,
        "product": 9,
        "size": 3,
        "color": 1
    }
},
{
    "model": "products.stock",
    "pk": 71,
    "fields": {
        "amount": 0,
        "product": 10,
        "size": 5,
        "color": 3
    }
},
{
    "model": "products.stock",
    "pk": 72,
    "fields": {
        "amount": 0,
        "product": 10,
        "size": 6,
        "color": 3
    }
},
{
    "model": "products.stock",
    "pk": 73,
    "fields": {
        "amount": 0,
        "product": 10,
        "size": 7,
        "color": 3
    }
},
{
    "model": "products.stock",
    "pk": 74,
    "fields": {
        "amount": 0,
        "product": 10,
        "size": 8,
        "color": 3
    }
},
{
    "model": "products.stock",
    "pk": 75,
    "fields": {
        "amount": 0,
        "product": 10,
        "size": 10,
        "color": 3
    }
},
{
    "model": "products.stock",
    "pk": 76,
    "fields": {
        "amount": 1,
        "product": 10,
        "size": 9,
        "color": 3
    }
},
{
    "model": "products.stock",
    "pk": 77,
    "fields": {
        "amount": 2,
        "product": 10,
        "size": 4,
        "color": 3
    }
},
{
    "model": "products.stock",
    "pk": 78,
    "fields": {
        "amount": 4,
        "product": 10,
        "size": 3,
        "color": 3
    }
},
{
    "model": "products.stock",
    "pk": 79,
    "fields": {
        "amount": 8,
        "product": 11,
        "size": 5,
        "color": 6
    }
},
{
    "model": "products.stock",
    "pk": 80,
    "fields": {
        "amount": 6,
        "product": 11,
        "size": 6,
        "color": 6
    }
},
{
    "model": "products.stock",
    "pk": 81,
    "fields": {
        "amount": 0,
        "product": 11,
        "size": 7,
        "color": 6
    }
},
{
    "model": "products.stock",
    "pk": 82,
    "fields": {
        "amount": 6,
        "product": 11,
        "size": 8,
        "color": 6
    }
},
{
    "model": "products.stock",
    "pk": 83,
    "fields": {
        "amount": 8,
        "product": 11,
        "size": 10,
        "color": 6
    }
},
{
    "model": "products.stock",
    "pk": 84,
    "fields": {
        "amount": 8,
        "product": 11,
        "size": 9,
        "color": 6
    }
},
{
    "model": "products.stock",
    "pk": 85,
    "fields": {
        "amount": 8,
        "product": 11,
        "size": 4,
        "color": 6
    }
},
{
    "model": "products.stock",
    "pk": 86,
    "fields": {
        "amount": 8,
        "product": 11,
        "size": 3,
        "color": 6
    }
},
{
    "model": "products.stock",
    "pk": 87,
    "fields": {
        "amount": 4,
        "product": 12,
        "size": 11,
        "color": 2
    }
},
{
    "model": "products.stock",
    "pk": 88,
    "fields": {
        "amount": 4,
        "product": 12,
        "size": 9,
        "color": 2
    }
},
{
    "model": "products.stock",
    "pk": 89,
    "fields": {
        "amount": 3,
        "product": 12,
        "size": 13,
        "color": 2
    }
},
{
    "model": "products.stock",
    "pk": 90,
    "fields": {
        "amount": 4,
        "product": 12,
        "size": 4,
        "color": 2
    }
},
{
    "model": "products.stock",
    "pk": 91,
    "fields": {
        "amount": 4,
        "product": 12,
        "size": 14,
        "color": 2
    }
},
{
    "model": "products.stock",
    "pk": 92,
    "fields": {
        "amount": 4,
        "product": 12,
        "size": 3,
        "color": 2
    }
},
{
    "model": "products.stock",
    "pk": 93,
    "fields": {
        "amount": 8,
        "product": 13,
        "size": 5,
        "color": 6
    }
},
{
    "model": "products.stock",
    "pk": 94,
    "fields": {
        "amount": 8,
        "product": 13,
        "size": 6,
        "color": 6
    }
},
{
    "model": "products.stock",
    "pk": 95,
    "fields": {
        "amount": 8,
        "product": 13,
        "size": 7,
        "color": 6
    }
},
{
    "model": "products.stock",
    "pk": 96,
    "fields": {
        "amount": 8,
        "product": 13,
        "size": 8,
        "color": 6
    }
},
{
    "model": "products.stock",
    "pk": 97,
    "fields": {
        "amount": 8,
        "product": 13,
        "size": 10,
        "color": 6
    }
},
{
    "model": "products.stock",
    "pk": 98,
    "fields": {
        "amount": 8,
        "product": 13,
        "size": 9,
        "color": 6
    }
},
{
    "model": "products.stock",
    "pk": 99,
    "fields": {
        "amount": 8,
        "product": 13,
        "size": 4,
        "color": 6
    }
},
{
    "model": "products.stock",
    "pk": 100,
    "fields": {
        "amount": 8,
        "product": 13,
        "size": 3,
        "color": 6
    }
},
{
    "model": "products.stock",
    "pk": 101,
    "fields": {
        "amount": 4,
        "product": 14,
        "size": 5,
        "color": 7
    }
},
{
    "model": "products.stock",
    "pk": 102,
    "fields": {
        "amount": 4,
        "product": 14,
        "size": 6,
        "color": 7
    }
},
{
    "model": "products.stock",
    "pk": 103,
    "fields": {
        "amount": 4,
        "product": 14,
        "size": 7,
        "color": 7
    }
},
{
    "model": "products.stock",
    "pk": 104,
    "fields": {
        "amount": 4,
        "product": 14,
        "size": 8,
        "color": 7
    }
},
{
    "model": "products.stock",
    "pk": 105,
    "fields": {
        "amount": 4,
        "product": 14,
        "size": 9,
        "color": 7
    }
},
{
    "model": "products.stock",
    "pk": 106,
    "fields": {
        "amount": 4,
        "product": 14,
        "size": 4,
        "color": 7
    }
},
{
    "model": "products.stock",
    "pk": 107,
    "fields": {
        "amount": 4,
        "product": 14,
        "size": 3,
        "color": 7
    }
},
{
    "model": "products.stock",
    "pk": 108,
    "fields": {
        "amount": 4,
        "product": 15,
        "size": 5,
        "color": 1
    }
},
{
    "model": "products.stock",
    "pk": 109,
    "fields": {
        "amount": 4,
        "product": 15,
        "size": 6,
        "color": 1
    }
},
{
    "model": "products.stock",
    "pk": 110,
    "fields": {
        "amount": 4,
        "product": 15,
        "size": 7,
        "color": 1
    }
},
{
    "model": "products.stock",
    "pk": 111,
    "fields": {
        "amount": 4,
        "product": 15,
        "size": 8,
        "color": 1
    }
},
{
    "model": "products.stock",
    "pk": 112,
    "fields": {
        "amount": 4,
        "product": 15,
        "size": 10,
        "color": 1
    }
},
{
    "model": "products.stock",
    "pk": 113,
    "fields": {
        "amount": 4,
        "product": 15,
        "size": 9,
        "color": 1
    }
},
{
    "model": "products.stock",
    "pk": 114,
    "fields": {
        "amount": 4,
        "product": 15,
        "size": 4,
        "color": 1
    }
},
{
    "model": "products.stock",
    "pk": 115,
    "fields": {
        "amount": 4,
        "product": 15,
        "size": 3,
        "color": 1
    }
},
{
    "model": "products.stock",
    "pk": 116,
    "fields": {
        "amount": 4,
        "product": 16,
        "size": 5,
        "color": 5
    }
},
{
    "model": "products.stock",
    "pk": 117,
    "fields": {
        "amount": 4,
        "product": 16,
        "size": 6,
        "color": 5
    }
},
{
    "model": "products.stock",
    "pk": 118,
    "fields": {
        "amount": 4,
        "product": 16,
        "size": 7,
        "color": 5
    }
},
{
    "model": "products.stock",
    "pk": 119,
    "fields": {
        "amount": 4,
        "product": 16,
        "size": 8,
        "color": 5
    }
},
{
    "model": "products.stock",
    "pk": 120,
    "fields": {
        "amount": 4,
        "product": 16,
        "size": 10,
        "color": 5
    }
},
{
    "model": "products.stock",
    "pk": 121,
    "fields": {
        "amount": 4,
        "product": 16,
        "size": 9,
        "color": 5
    }
},
{
    "model": "products.stock",
    "pk": 122,
    "fields": {
        "amount": 4,
        "product": 16,
        "size": 4,
        "color": 5
    }
},
{
    "model": "products.stock",
    "pk": 123,
    "fields": {
        "amount": 4,
        "product": 16,
        "size": 3,
        "color": 5
    }
},
{
    "model": "products.stock",
    "pk": 124,
    "fields": {
        "amount": 4,
        "product": 17,
        "size": 11,
        "color": 3
    }
},
{
    "model": "products.stock",
    "pk": 125,
    "fields": {
        "amount": 4,
        "product": 17,
        "size": 9,
        "color": 3
    }
},
{
    "model": "products.stock",
    "pk": 126,
    "fields": {
        "amount": 4,
        "product": 17,
        "size": 13,
        "color": 3
    }
},
{
    "model": "products.stock",
    "pk": 127,
    "fields": {
        "amount": 4,
        "product": 17,
        "size": 4,
        "color": 3
    }
},
{
    "model": "products.stock",
    "pk": 128,
    "fields": {
        "amount": 4,
        "product": 17,
        "size": 14,
        "color": 3
    }
},
{
    "model": "products.stock",
    "pk": 129,
    "fields": {
        "amount": 4,
        "product": 17,
        "size": 3,
        "color": 3
    }
},
{
    "model": "products.stock",
    "pk": 130,
    "fields": {
        "amount": 4,
        "product": 18,
        "size": 5,
        "color": 4
    }
},
{
    "model": "products.stock",
    "pk": 131,
    "fields": {
        "amount": 4,
        "product": 18,
        "size": 6,
        "color": 4
    }
},
{
    "model": "products.stock",
    "pk": 132,
    "fields": {
        "amount": 4,
        "product": 18,
        "size": 7,
        "color": 4
    }
},
{
    "model": "products.stock",
    "pk": 133,
    "fields": {
        "amount": 4,
        "product": 18,
        "size": 8,
        "color": 4
    }
},
{
    "model": "products.stock",
    "pk": 134,
    "fields": {
        "amount": 4,
        "product": 18,
        "size": 10,
        "color": 4
    }
},
{
    "model": "products.stock",
    "pk": 135,
    "fields": {
        "amount": 4,
        "product": 18,
        "size": 9,
        "color": 4
    }
},
{
    "model": "products.stock",
    "pk": 136,
    "fields": {
        "amount": 4,
        "product": 18,
        "size": 4,
        "color": 4
    }
},
{
    "model": "products.stock",
    "pk": 137,
    "fields": {
        "amount": 4,
        "product": 18,
        "size": 3,
        "color": 4
    }
},
{
    "model": "products.stock",
    "pk": 138,
    "fields": {
        "amount": 4,
        "product": 19,
        "size": 5,
        "color": 6
    }
},
{
    "model": "products.stock",
    "pk": 139,
    "fields": {
        "amount": 4,
        "product": 19,
        "size": 6,
        "color": 6
    }
},
{
    "model": "products.stock",
    "pk": 140,
    "fields": {
        "amount": 4,
        "product": 19,
        "size": 7,
        "color": 6
    }
},
{
    "model": "products.stock",
    "pk": 141,
    "fields": {
        "amount": 4,
        "product": 19,
        "size": 8,
        "color": 6
    }
},
{
    "model": "products.stock",
    "pk": 142,
    "fields": {
        "amount": 4,
        "product": 19,
        "size": 10,
        "color": 6
    }
},
{
    "model": "products.stock",
    "pk": 143,
    "fields": {
        "amount": 4,
        "product": 19,
        "size": 9,
        "color": 6
    }
},
{
    "model": "products.stock",
    "pk": 144,
    "fields": {
        "amount": 4,
        "product": 18,
        "size": 4,
        "color": 6
    }
},
{
    "model": "products.stock",
    "pk": 145,
    "fields": {
        "amount": 4,
        "product": 19,
        "size": 3,
        "color": 6
    }
},
{
    "model": "products.stock",
    "pk": 146,
    "fields": {
        "amount": 4,
        "product": 20,
        "size": 5,
        "color": 6
    }
},
{
    "model": "products.stock",
    "pk": 147,
    "fields": {
        "amount": 4,
        "product": 20,
        "size": 6,
        "color": 6
    }
},
{
    "model": "products.stock",
    "pk": 148,
    "fields": {
        "amount": 4,
        "product": 20,
        "size": 7,
        "color": 6
    }
},
{
    "model": "products.stock",
    "pk": 149,
    "fields": {
        "amount": 4,
        "product": 20,
        "size": 8,
        "color": 6
    }
},
{
    "model": "products.stock",
    "pk": 150,
    "fields": {
        "amount": 4,
        "product": 20,
        "size": 10,
        "color": 6
    }
},
{
    "model": "products.stock",
    "pk": 151,
    "fields": {
        "amount": 4,
        "product": 20,
        "size": 9,
        "color": 6
    }
},
{
    "model": "products.stock",
    "pk": 152,
    "fields": {
        "amount": 4,
        "product": 20,
        "size": 4,
        "color": 6
    }
},
{
    "model": "products.stock",
    "pk": 153,
    "fields": {
        "amount": 4,
        "product": 20,
        "size": 3,
        "color": 6
    }
},
{
    "model": "products.stock",
    "pk": 154,
    "fields": {
        "amount": 4,
        "product": 21,
        "size": 5,
        "color": 3
    }
},
{
    "model": "products.stock",
    "pk": 155,
    "fields": {
        "amount": 4,
        "product": 21,
        "size": 6,
        "color": 3
    }
},
{
    "model": "products.stock",
    "pk": 156,
    "fields": {
        "amount": 4,
        "product": 21,
        "size": 7,
        "color": 3
    }
},
{
    "model": "products.stock",
    "pk": 157,
    "fields": {
        "amount": 4,
        "product": 21,
        "size": 8,
        "color": 3
    }
},
{
    "model": "products.stock",
    "pk": 158,
    "fields": {
        "amount": 4,
        "product": 21,
        "size": 10,
        "color": 3
    }
},
{
    "model": "products.stock",
    "pk": 159,
    "fields": {
        "amount": 4,
        "product": 21,
        "size": 9,
        "color": 3
    }
},
{
    "model": "products.stock",
    "pk": 160,
    "fields": {
        "amount": 4,
        "product": 21,
        "size": 4,
        "color": 3
    }
},
{
    "model": "products.stock",
    "pk": 161,
    "fields": {
        "amount": 4,
        "product": 21,
        "size": 3,
        "color": 3
    }
},
{
    "model": "products.stock",
    "pk": 162,
    "fields": {
        "amount": 4,
        "product": 22,
        "size": 5,
        "color": 6
    }
},
{
    "model": "products.stock",
    "pk": 163,
    "fields": {
        "amount": 4,
        "product": 22,
        "size": 6,
        "color": 6
    }
},
{
    "model": "products.stock",
    "pk": 164,
    "fields": {
        "amount": 4,
        "product": 22,
        "size": 7,
        "color": 6
    }
},
{
    "model": "products.stock",
    "pk": 165,
    "fields": {
        "amount": 4,
        "product": 22,
        "size": 8,
        "color": 6
    }
},
{
    "model": "products.stock",
    "pk": 166,
    "fields": {
        "amount": 4,
        "product": 22,
        "size": 10,
        "color": 6
    }
},
{
    "model": "products.stock",
    "pk": 167,
    "fields": {
        "amount": 4,
        "product": 22,
        "size": 9,
        "color": 6
    }
},
{
    "model": "products.stock",
    "pk": 168,
    "fields": {
        "amount": 4,
        "product": 22,
        "size": 4,
        "color": 6
    }
},
{
    "model": "products.stock",
    "pk": 169,
    "fields": {
        "amount": 4,
        "product": 22,
        "size": 3,
        "color": 6
    }
},
{
    "model": "products.stock",
    "pk": 170,
    "fields": {
        "amount": 4,
        "product": 23,
        "size": 5,
        "color": 1
    }
},
{
    "model": "products.stock",
    "pk": 171,
    "fields": {
        "amount": 4,
        "product": 23,
        "size": 6,
        "color": 1
    }
},
{
    "model": "products.stock",
    "pk": 172,
    "fields": {
        "amount": 4,
        "product": 23,
        "size": 7,
        "color": 1
    }
},
{
    "model": "products.stock",
    "pk": 173,
    "fields": {
        "amount": 4,
        "product": 23,
        "size": 8,
        "color": 1
    }
},
{
    "model": "products.stock",
    "pk": 174,
    "fields": {
        "amount": 4,
        "product": 23,
        "size": 10,
        "color": 1
    }
},
{
    "model": "products.stock",
    "pk": 175,
    "fields": {
        "amount": 4,
        "product": 23,
        "size": 9,
        "color": 1
    }
},
{
    "model": "products.stock",
    "pk": 176,
    "fields": {
        "amount": 4,
        "product": 23,
        "size": 4,
        "color": 1
    }
},
{
    "model": "products.stock",
    "pk": 177,
    "fields": {
        "amount": 4,
        "product": 23,
        "size": 3,
        "color": 1
    }
},
{
    "model": "products.stock",
    "pk": 178,
    "fields": {
        "amount": 4,
        "product": 24,
        "size": 11,
        "color": 3
    }
},
{
    "model": "products.stock",
    "pk": 179,
    "fields": {
        "amount": 4,
        "product": 24,
        "size": 9,
        "color": 3
    }
},
{
    "model": "products.stock",
    "pk": 180,
    "fields": {
        "amount": 4,
        "product": 24,
        "size": 13,
        "color": 3
    }
},
{
    "model": "products.stock",
    "pk": 182,
    "fields": {
        "amount": 4,
        "product": 24,
        "size": 4,
        "color": 3
    }
},
{
    "model": "products.stock",
    "pk": 183,
    "fields": {
        "amount": 4,
        "product": 24,
        "size": 14,
        "color": 3
    }
},
{
    "model": "products.stock",
    "pk": 184,
    "fields": {
        "amount": 4,
        "product": 24,
        "size": 3,
        "color": 3
    }
},
{
    "model": "products.stock",
    "pk": 185,
    "fields": {
        "amount": 4,
        "product": 25,
        "size": 5,
        "color": 1
    }
},
{
    "model": "products.stock",
    "pk": 186,
    "fields": {
        "amount": 4,
        "product": 25,
        "size": 6,
        "color": 1
    }
},
{
    "model": "products.stock",
    "pk": 187,
    "fields": {
        "amount": 4,
        "product": 25,
        "size": 7,
        "color": 1
    }
},
{
    "model": "products.stock",
    "pk": 188,
    "fields": {
        "amount": 4,
        "product": 25,
        "size": 8,
        "color": 1
    }
},
{
    "model": "products.stock",
    "pk": 189,
    "fields": {
        "amount": 4,
        "product": 25,
        "size": 10,
        "color": 1
    }
},
{
    "model": "products.stock",
    "pk": 190,
    "fields": {
        "amount": 4,
        "product": 25,
        "size": 9,
        "color": 1
    }
},
{
    "model": "products.stock",
    "pk": 191,
    "fields": {
        "amount": 4,
        "product": 25,
        "size": 4,
        "color": 1
    }
},
{
    "model": "products.stock",
    "pk": 192,
    "fields": {
        "amount": 4,
        "product": 25,
        "size": 3,
        "color": 1
    }
},
{
    "model": "products.stock",
    "pk": 193,
    "fields": {
        "amount": 4,
        "product": 26,
        "size": 5,
        "color": 3
    }
},
{
    "model": "products.stock",
    "pk": 194,
    "fields": {
        "amount": 4,
        "product": 26,
        "size": 6,
        "color": 3
    }
},
{
    "model": "products.stock",
    "pk": 195,
    "fields": {
        "amount": 4,
        "product": 26,
        "size": 7,
        "color": 3
    }
},
{
    "model": "products.stock",
    "pk": 196,
    "fields": {
        "amount": 4,
        "product": 26,
        "size": 8,
        "color": 3
    }
},
{
    "model": "products.stock",
    "pk": 197,
    "fields": {
        "amount": 4,
        "product": 26,
        "size": 10,
        "color": 3
    }
},
{
    "model": "products.stock",
    "pk": 198,
    "fields": {
        "amount": 4,
        "product": 26,
        "size": 9,
        "color": 3
    }
},
{
    "model": "products.stock",
    "pk": 199,
    "fields": {
        "amount": 4,
        "product": 26,
        "size": 4,
        "color": 3
    }
},
{
    "model": "products.stock",
    "pk": 200,
    "fields": {
        "amount": 4,
        "product": 26,
        "size": 3,
        "color": 3
    }
},
{
    "model": "products.stock",
    "pk": 201,
    "fields": {
        "amount": 4,
        "product": 27,
        "size": 11,
        "color": 1
    }
},
{
    "model": "products.stock",
    "pk": 202,
    "fields": {
        "amount": 4,
        "product": 27,
        "size": 9,
        "color": 1
    }
},
{
    "model": "products.stock",
    "pk": 203,
    "fields": {
        "amount": 4,
        "product": 27,
        "size": 13,
        "color": 1
    }
},
{
    "model": "products.stock",
    "pk": 204,
    "fields": {
        "amount": 4,
        "product": 27,
        "size": 4,
        "color": 1
    }
},
{
    "model": "products.stock",
    "pk": 205,
    "fields": {
        "amount": 4,
        "product": 27,
        "size": 14,
        "color": 1
    }
},
{
    "model": "products.stock",
    "pk": 206,
    "fields": {
        "amount": 4,
        "product": 27,
        "size": 3,
        "color": 1
    }
},
{
    "model": "products.stock",
    "pk": 207,
    "fields": {
        "amount": 4,
        "product": 28,
        "size": 5,
        "color": 1
    }
},
{
    "model": "products.stock",
    "pk": 208,
    "fields": {
        "amount": 4,
        "product": 28,
        "size": 6,
        "color": 1
    }
},
{
    "model": "products.stock",
    "pk": 209,
    "fields": {
        "amount": 4,
        "product": 28,
        "size": 7,
        "color": 1
    }
},
{
    "model": "products.stock",
    "pk": 210,
    "fields": {
        "amount": 4,
        "product": 28,
        "size": 8,
        "color": 1
    }
},
{
    "model": "products.stock",
    "pk": 211,
    "fields": {
        "amount": 4,
        "product": 28,
        "size": 10,
        "color": 1
    }
},
{
    "model": "products.stock",
    "pk": 213,
    "fields": {
        "amount": 4,
        "product": 28,
        "size": 9,
        "color": 1
    }
},
{
    "model": "products.stock",
    "pk": 214,
    "fields": {
        "amount": 4,
        "product": 28,
        "size": 4,
        "color": 1
    }
},
{
    "model": "products.stock",
    "pk": 215,
    "fields": {
        "amount": 4,
        "product": 28,
        "size": 3,
        "color": 1
    }
},
{
    "model": "products.stock",
    "pk": 216,
    "fields": {
        "amount": 4,
        "product": 29,
        "size": 5,
        "color": 2
    }
},
{
    "model": "products.stock",
    "pk": 217,
    "fields": {
        "amount": 4,
        "product": 29,
        "size": 6,
        "color": 2
    }
},
{
    "model": "products.stock",
    "pk": 218,
    "fields": {
        "amount": 4,
        "product": 29,
        "size": 7,
        "color": 2
    }
},
{
    "model": "products.stock",
    "pk": 219,
    "fields": {
        "amount": 4,
        "product": 29,
        "size": 8,
        "color": 2
    }
},
{
    "model": "products.stock",
    "pk": 220,
    "fields": {
        "amount": 4,
        "product": 29,
        "size": 10,
        "color": 2
    }
},
{
    "model": "products.stock",
    "pk": 221,
    "fields": {
        "amount": 4,
        "product": 29,
        "size": 9,
        "color": 2
    }
},
{
    "model": "products.stock",
    "pk": 222,
    "fields": {
        "amount": 4,
        "product": 29,
        "size": 4,
        "color": 2
    }
},
{
    "model": "products.stock",
    "pk": 223,
    "fields": {
        "amount": 4,
        "product": 29,
        "size": 3,
        "color": 2
    }
},
{
    "model": "products.stock",
    "pk": 224,
    "fields": {
        "amount": 4,
        "product": 30,
        "size": 11,
        "color": 5
    }
},
{
    "model": "products.stock",
    "pk": 225,
    "fields": {
        "amount": 4,
        "product": 30,
        "size": 9,
        "color": 5
    }
},
{
    "model": "products.stock",
    "pk": 226,
    "fields": {
        "amount": 4,
        "product": 30,
        "size": 13,
        "color": 5
    }
},
{
    "model": "products.stock",
    "pk": 227,
    "fields": {
        "amount": 4,
        "product": 30,
        "size": 4,
        "color": 5
    }
},
{
    "model": "products.stock",
    "pk": 228,
    "fields": {
        "amount": 4,
        "product": 30,
        "size": 14,
        "color": 5
    }
},
{
    "model": "products.stock",
    "pk": 229,
    "fields": {
        "amount": 4,
        "product": 30,
        "size": 3,
        "color": 5
    }
},
{
    "model": "products.stock",
    "pk": 230,
    "fields": {
        "amount": 4,
        "product": 31,
        "size": 5,
        "color": 2
    }
},
{
    "model": "products.stock",
    "pk": 231,
    "fields": {
        "amount": 4,
        "product": 31,
        "size": 6,
        "color": 2
    }
},
{
    "model": "products.stock",
    "pk": 232,
    "fields": {
        "amount": 4,
        "product": 31,
        "size": 7,
        "color": 2
    }
},
{
    "model": "products.stock",
    "pk": 233,
    "fields": {
        "amount": 4,
        "product": 31,
        "size": 8,
        "color": 2
    }
},
{
    "model": "products.stock",
    "pk": 235,
    "fields": {
        "amount": 4,
        "product": 31,
        "size": 10,
        "color": 2
    }
},
{
    "model": "products.stock",
    "pk": 236,
    "fields": {
        "amount": 4,
        "product": 31,
        "size": 9,
        "color": 2
    }
},
{
    "model": "products.stock",
    "pk": 237,
    "fields": {
        "amount": 4,
        "product": 31,
        "size": 4,
        "color": 2
    }
},
{
    "model": "products.stock",
    "pk": 238,
    "fields": {
        "amount": 4,
        "product": 31,
        "size": 3,
        "color": 2
    }
},
{
    "model": "products.stock",
    "pk": 239,
    "fields": {
        "amount": 4,
        "product": 32,
        "size": 5,
        "color": 3
    }
},
{
    "model": "products.stock",
    "pk": 240,
    "fields": {
        "amount": 4,
        "product": 32,
        "size": 6,
        "color": 3
    }
},
{
    "model": "products.stock",
    "pk": 241,
    "fields": {
        "amount": 4,
        "product": 32,
        "size": 7,
        "color": 3
    }
},
{
    "model": "products.stock",
    "pk": 242,
    "fields": {
        "amount": 4,
        "product": 32,
        "size": 8,
        "color": 3
    }
},
{
    "model": "products.stock",
    "pk": 243,
    "fields": {
        "amount": 4,
        "product": 32,
        "size": 10,
        "color": 3
    }
},
{
    "model": "products.stock",
    "pk": 244,
    "fields": {
        "amount": 4,
        "product": 32,
        "size": 9,
        "color": 3
    }
},
{
    "model": "products.stock",
    "pk": 245,
    "fields": {
        "amount": 4,
        "product": 32,
        "size": 4,
        "color": 3
    }
},
{
    "model": "products.stock",
    "pk": 246,
    "fields": {
        "amount": 4,
        "product": 32,
        "size": 3,
        "color": 3
    }
},
{
    "model": "products.stock",
    "pk": 247,
    "fields": {
        "amount": 4,
        "product": 33,
        "size": 5,
        "color": 3
    }
},
{
    "model": "products.stock",
    "pk": 248,
    "fields": {
        "amount": 4,
        "product": 33,
        "size": 6,
        "color": 3
    }
},
{
    "model": "products.stock",
    "pk": 249,
    "fields": {
        "amount": 4,
        "product": 33,
        "size": 7,
        "color": 3
    }
},
{
    "model": "products.stock",
    "pk": 250,
    "fields": {
        "amount": 4,
        "product": 33,
        "size": 8,
        "color": 3
    }
},
{
    "model": "products.stock",
    "pk": 252,
    "fields": {
        "amount": 4,
        "product": 33,
        "size": 10,
        "color": 3
    }
},
{
    "model": "products.stock",
    "pk": 253,
    "fields": {
        "amount": 4,
        "product": 33,
        "size": 9,
        "color": 3
    }
},
{
    "model": "products.stock",
    "pk": 254,
    "fields": {
        "amount": 4,
        "product": 33,
        "size": 4,
        "color": 3
    }
},
{
    "model": "products.stock",
    "pk": 255,
    "fields": {
        "amount": 4,
        "product": 33,
        "size": 3,
        "color": 3
    }
}
]
